Time (s),Latency (ms),FPS
0.0438385009765625,43.8385009765625,22.810998955795338
0.1054534912109375,24.23381805419922,41.26464916768329
0.13056230545043945,21.555423736572266,46.39203627917266
0.16301274299621582,20.161151885986328,49.60034057851044
0.18818974494934082,20.533084869384766,48.70188801932143
0.22918248176574707,23.609161376953125,42.35643884310874
0.259735107421875,27.521610260009766,36.33508325103522
0.2996182441711426,32.535552978515625,30.73560792589987
0.35767674446105957,42.66762733459473,23.43697230122764
0.3831930160522461,21.305084228515625,46.93715308863026
0.42601728439331055,33.612728118896484,29.750634832815535
0.4744374752044678,35.657405853271484,28.044664946041
0.5105338096618652,33.293962478637695,30.03547567045007
0.5510203838348389,37.53972053527832,26.638450839298077
0.5915248394012451,35.82954406738281,27.909928134149588
0.6314098834991455,34.621238708496094,28.88400407679806
0.6766188144683838,33.37526321411133,29.962310516765964
0.7061915397644043,26.29995346069336,38.02288097180673
0.7457053661346436,23.578882217407227,42.41083147112653
0.780667781829834,31.956911087036133,31.292135753560583
0.8067531585693359,22.797346115112305,43.86475491272655
0.8401031494140625,25.292634963989258,39.53720130084366
0.8692450523376465,22.774219512939453,43.90929838152468
0.9058108329772949,27.390003204345703,36.509670792639405
0.9323070049285889,23.972749710083008,41.71402997543486
0.9692246913909912,28.98383140563965,34.50199478476889
1.0255866050720215,38.97714614868164,25.65605999437247
1.0629544258117676,29.74987030029297,33.61359192178234
1.0930266380310059,26.624679565429688,37.55913747403109
1.1211798191070557,25.152921676635742,39.75681286078541
1.1576647758483887,32.22322463989258,31.03351732098199
1.2148172855377197,39.24250602722168,25.48257237461648
1.2470941543579102,24.58047866821289,40.682690255873055
1.2800753116607666,26.023149490356445,38.42732411657459
1.3143789768218994,30.024290084838867,33.306366184656675
1.4866588115692139,154.10280227661133,6.48917466280088
1.5779731273651123,83.89878273010254,11.919124061870377
1.6307716369628906,48.57468605041504,20.586854621399155
1.7174341678619385,73.12989234924316,13.674298811002545
1.7939279079437256,71.28238677978516,14.028710950565255
1.826751470565796,28.277873992919922,35.363337436554644
1.8547885417938232,24.404287338256836,40.97640656903643
1.8942325115203857,31.047582626342773,32.208626740283975
1.918489933013916,21.17133140563965,47.23368506402099
1.9647362232208252,40.009498596191406,24.994064786785213
2.0117321014404297,40.1616096496582,24.899400415553576
2.1596741676330566,142.70949363708496,7.007242297019381
2.2192041873931885,56.3962459564209,17.731676693032558
2.291722059249878,56.58745765686035,17.671760517390297
2.318329334259033,22.051572799682617,45.34823928814696
2.3559257984161377,27.789592742919922,35.98469431527651
2.3836545944213867,24.545907974243164,40.73998814993249
2.4260590076446533,32.701730728149414,30.579421264061942
2.472538709640503,31.533002853393555,31.712805933811687
2.500148057937622,23.316621780395508,42.88785954579384
2.5315182209014893,28.410911560058594,35.1977442851868
2.5567221641540527,20.669937133789062,48.379440804650734
2.5934348106384277,28.427839279174805,35.17678533987504
2.6415200233459473,30.40933609008789,32.88463769933985
2.665804386138916,21.32725715637207,46.88835477848703
2.699518918991089,30.18355369567871,33.13062504443163
2.7351925373077393,31.18300437927246,32.06875090793709
2.788130760192871,36.641836166381836,27.29120875545752
2.8357348442077637,37.81270980834961,26.446134251377696
2.8676376342773438,22.562742233276367,44.32085380673112
2.9005086421966553,25.425434112548828,39.33069522327038
2.9369022846221924,30.96175193786621,32.297913955476155
2.97810959815979,26.20553970336914,38.15987044416544
3.011570453643799,29.104948043823242,34.35841900471022
3.06099271774292,32.848358154296875,30.442921844152828
3.0988287925720215,34.142494201660156,29.28901427334432
3.138767719268799,34.32726860046387,29.131359434361954
3.18087100982666,36.423444747924805,27.454844178541737
3.23442006111145,37.21332550048828,26.872094513210836
3.2824301719665527,38.35034370422363,26.075385600517244
3.32076096534729,29.574871063232422,33.81248891540235
3.3479530811309814,23.032188415527344,43.4174982402385
3.3757970333099365,22.225141525268555,44.99408918782652
3.4057493209838867,21.286964416503906,46.9771067604498
3.4357614517211914,20.107507705688477,49.73266774962354
3.476067543029785,29.76083755493164,33.60120487718905
3.530471086502075,38.57231140136719,25.925332542154973
3.56211256980896,28.59354019165039,34.972934211623446
3.5871312618255615,22.264957427978516,44.91362731030347
3.641209363937378,40.26389122009277,24.836148958721925
3.67181396484375,23.879289627075195,41.87729265053866
3.707005262374878,27.95267105102539,35.77475648658331
3.7305123805999756,19.984960556030273,50.03762690431027
3.7676758766174316,25.95353126525879,38.530402270869125
3.7919797897338867,19.76180076599121,50.602675932293366
3.8254148960113525,22.379159927368164,44.68442976615352
3.8604836463928223,26.868820190429688,37.21786043870235
3.8937294483184814,29.105186462402344,34.3581375536551
3.9171555042266846,20.441532135009766,48.92001212997737
3.9458749294281006,20.221710205078125,49.451801546877945
3.982283353805542,25.359630584716797,39.432751067070306
4.0170676708221436,29.152393341064453,34.302500940510654
4.050734996795654,31.667470932006836,31.578145351332225
4.10233998298645,38.93566131591797,25.683395792000393
4.154889345169067,45.36938667297363,22.041294214710998
4.185593128204346,25.060653686523438,39.903188979374384
4.2389233112335205,37.175655364990234,26.899324038325872
4.276767730712891,29.03604507446289,34.43995204703332
4.328053951263428,33.408403396606445,29.93258876003568
4.378750562667847,38.47670555114746,25.989751089024246
4.407632350921631,24.258852005004883,41.22206606453135
4.443896770477295,25.979042053222656,38.49256635218971
4.490903615951538,41.573286056518555,24.053908046636195
4.535410642623901,39.415836334228516,25.37051330131501
4.560243844985962,18.022775650024414,55.48534917254243
4.580276966094971,16.263484954833984,61.48743659659308
4.622298240661621,32.459259033203125,30.80785051122341
4.66953444480896,32.12690353393555,31.126560296846012
4.714635610580444,31.20565414428711,32.04547468789634
4.746449708938599,28.722763061523438,34.815592004781195
4.78533148765564,24.749279022216797,40.40521742481167
4.829831123352051,36.80729866027832,27.168524624144162
4.864685297012329,32.16290473937988,31.091719112534378
4.89769172668457,27.240514755249023,36.710025819438975
5.0571818351745605,156.04400634765625,6.4084486383415635
5.140052556991577,79.22005653381348,12.623065972859667
5.190370798110962,42.30213165283203,23.63947065852064
5.238532304763794,44.14701461791992,22.65158830454835
5.297170400619507,53.70783805847168,18.61925626034883
5.341886281967163,39.963483810424805,25.022843472398712
5.413384437561035,62.40439414978027,16.024512594415132
5.480930328369141,64.15843963623047,15.58641397250093
5.546121597290039,55.062294006347656,18.161248419557648
5.585442304611206,31.16893768310547,32.08322369427531
5.628303050994873,26.261568069458008,38.078457362300156
5.6580657958984375,25.645732879638672,38.99284160422438
5.697040319442749,35.094499588012695,28.494493773650277
5.745956897735596,36.339521408081055,27.518249037193527
5.795802354812622,39.89148139953613,25.068008630324474
5.848393201828003,46.33355140686035,21.582632231638854
5.875412940979004,23.357868194580078,42.81212616106971
5.908120393753052,27.321338653564453,36.601427648917046
5.934210777282715,23.47421646118164,42.59993093501798
5.971219778060913,26.158809661865234,38.228039154924446
5.995514631271362,19.978046417236328,50.05494426808602
6.03829026222229,31.094074249267578,32.16046864696591
6.064622640609741,23.06365966796875,43.35825339067152
6.109556436538696,39.948225021362305,25.03240130106532
6.140596389770508,25.977373123168945,38.4950393274411
6.18084979057312,33.5841178894043,29.775979327284862
6.235132694244385,40.9703254699707,24.407909591368817
6.268119812011719,28.255939483642578,35.390789273841065
6.327467203140259,41.464805603027344,24.116838013753767
6.376310586929321,42.73700714111328,23.39892441925334
6.407062768936157,26.579618453979492,37.62281244674076
6.456285238265991,44.43478584289551,22.5048907298804
6.515743732452393,42.01245307922363,23.802466333357923
6.7953081130981445,275.96068382263184,3.6237046022205464
6.8710737228393555,72.75795936584473,13.744200754336122
6.931149482727051,52.16217041015625,19.170981424601433
7.08937668800354,148.96798133850098,6.712851923043067
7.1281163692474365,37.66822814941406,26.547572028963494
7.168591260910034,37.813425064086914,26.445634012395885
7.207245588302612,34.95502471923828,28.608190325484955
7.255711078643799,37.51850128173828,26.65351668742533
7.422667980194092,157.51218795776367,6.348715061136389
7.467054843902588,42.360544204711914,23.606873300951747
7.512958526611328,43.10321807861328,23.200123902028896
7.554239273071289,37.3532772064209,26.771412705606014
7.7147369384765625,155.35593032836914,6.436831847270606
7.790574073791504,60.964107513427734,16.40309422687347
7.873498916625977,79.15139198303223,12.634016597135412
7.925801753997803,39.488792419433594,25.323640930277488
7.989638805389404,55.82571029663086,17.912893444373264
8.041558980941772,49.59225654602051,20.16443835484724
8.107881307601929,48.75683784484863,20.509943716656643
8.177876710891724,57.4193000793457,17.415746946029216
8.269483804702759,87.4323844909668,11.437409671736866
8.439880132675171,162.6451015472412,6.148356086270106
8.486739873886108,45.31741142272949,22.066573720899644
8.543908596038818,54.470062255859375,18.358708593038727
8.698303699493408,142.81749725341797,7.001943173850623
8.773853778839111,72.88360595703125,13.720506647126557
8.819830417633057,42.15526580810547,23.721828835146937
8.886188745498657,48.79188537597656,20.495211289629022
8.969677925109863,71.16508483886719,14.05183457961459
9.029465675354004,53.855180740356445,18.568315735883303
9.083497047424316,45.543670654296875,21.956947818075214
9.170971155166626,70.01543045043945,14.282565908208646
9.218024253845215,37.87684440612793,26.401354592206058
9.264705181121826,38.88678550720215,25.71567659699699
9.29102873802185,21.602869033813477,46.29014777781457
9.333492040634155,30.17878532409668,33.135859818769305
9.355533123016357,19.008398056030273,52.608325912175296
9.392613649368286,26.798009872436523,37.31620388081745
9.423949480056763,26.3364315032959,37.97021627151173
9.450080871582031,21.6677188873291,46.15160484589738
9.473880529403687,19.68526840209961,50.79940895768234
9.525560140609741,34.45267677307129,29.025320923151448
9.555638313293457,27.36663818359375,36.54084192918874
9.606985807418823,39.023399353027344,25.625650675725215
9.637093782424927,23.607492446899414,42.359433228637506
9.671234846115112,26.39937400817871,37.87968607476045
9.706653594970703,31.14795684814453,32.10483451210924
9.73945426940918,28.612136840820312,34.95020331977868
9.777225732803345,22.966384887695312,43.541898513412505
9.802464008331299,21.33655548095703,46.867921154963575
9.849509716033936,32.59682655334473,30.677832959091873
9.880295753479004,26.89671516418457,37.179261255351776
9.927963972091675,33.76269340515137,29.618490089046755
9.954184532165527,23.190975189208984,43.12022206230081
10.004208326339722,32.717227935791016,30.56493667380817
10.055619478225708,38.64550590515137,25.876230018939978
10.086461067199707,28.830528259277344,34.68545532731302
10.13304853439331,38.75255584716797,25.804749600098436
10.163211822509766,26.87358856201172,37.21125660953192
10.194182395935059,21.140336990356445,47.30293563703211
10.222100734710693,23.90885353088379,41.82551031601201
10.259005784988403,23.51069450378418,42.533834967701374
10.297513484954834,35.39419174194336,28.253223220660946
10.346956253051758,32.29665756225586,30.962956401057124
10.391051292419434,28.763771057128906,34.765956035940455
10.416672468185425,22.985458374023438,43.505767156252595
10.452340126037598,27.619361877441406,36.20648458271469
10.475954532623291,20.244121551513672,49.39705570604169
10.525582551956177,39.66856002807617,25.208880768352344
10.55609941482544,25.998353958129883,38.463973588885324
10.600817203521729,36.49473190307617,27.401215130332528
10.638416290283203,28.041601181030273,35.66130170471453
10.670402765274048,29.1900634765625,34.25823314166231
10.698882341384888,23.717880249023438,42.16228387615601
10.725581884384155,21.1336612701416,47.31787773152379
10.751704454421997,21.846771240234375,45.77335428671206
10.92049765586853,154.43706512451172,6.475129524080055
11.020432949066162,96.05526924133301,10.410673020837212
11.109920978546143,79.99634742736816,12.500570740532115
11.277337551116943,153.43570709228516,6.51738776423497
11.347258567810059,66.71714782714844,14.988650333056977
11.386497497558594,35.37487983703613,28.268647260620195
11.444657802581787,40.37737846374512,24.766342889197247
11.496798038482666,45.772552490234375,21.847153929494123
11.569573163986206,56.78749084472656,17.609511973936115
11.602547883987427,28.522253036499023,35.06034389079753
11.65643310546875,49.402475357055664,20.24190068964186
11.716652631759644,47.293901443481445,21.144375267814382
11.776791095733643,45.51506042480469,21.970749696182374
11.882145404815674,87.08882331848145,11.48252969664118
11.930462121963501,44.7697639465332,22.33650374378255
11.972157001495361,37.10794448852539,26.948407242261087
12.027962923049927,47.46508598327637,21.068117317902583
12.096554040908813,53.71689796447754,18.616115931736978
12.141937255859375,36.10396385192871,27.6977897524285
12.179612636566162,27.322769165039062,36.59951134380454
12.20803689956665,24.63245391845703,40.59684850361996
12.238064765930176,24.72400665283203,40.446518804243006
12.27047610282898,24.48725700378418,40.83756705969408
12.308621883392334,31.71539306640625,31.530430598989657
12.346903324127197,24.11627769470215,41.46576899882354
12.395739316940308,41.66293144226074,24.002151682146188
12.430234432220459,29.972076416015625,33.36438844342624
12.457563877105713,23.627042770385742,42.32438268801905
12.496401309967041,34.6379280090332,28.870087140870858
12.528159379959106,29.825925827026367,33.52787792068682
12.561503648757935,29.484987258911133,33.915564935432485
12.59161376953125,26.582956314086914,37.61808837905953
12.630964040756226,29.303312301635742,34.12583498092053
12.671186447143555,22.368431091308594,44.70586228949051
12.709888219833374,30.089139938354492,33.23458237918275
12.748022317886353,22.172212600708008,45.10149789778165
12.778218507766724,21.502017974853516,46.507262768057124
12.925967931747437,144.0117359161377,6.943878522388825
12.999752521514893,72.27134704589844,13.83674223430366
13.058111190795898,56.18715286254883,17.797662793954157
13.097456932067871,26.13234519958496,38.26675303584625
13.132030487060547,29.958486557006836,33.37952329791891
13.17398715019226,25.41661262512207,39.34434595000234
13.213605880737305,34.273624420166016,29.176955076032666
13.26179838180542,36.06677055358887,27.726352668980333
13.296814680099487,25.589466094970703,39.07858008012671
13.333471059799194,31.184911727905273,32.06678950144879
13.366522073745728,29.047727584838867,34.42610087413305
13.400510787963867,19.435405731201172,51.45248902082975
13.434650659561157,23.134469985961914,43.22554182597673
13.482160091400146,40.190935134887695,24.88123246308721
13.516906023025513,30.702829360961914,32.5702881725774
13.552197456359863,31.649351119995117,31.596224396784862
13.598555564880371,30.53140640258789,32.753158724952755
13.638070821762085,23.065567016601562,43.35466798974613
13.680792093276978,35.52651405334473,28.147991060942626
13.712142944335938,26.95465087890625,37.09934899518822
13.741836309432983,25.940418243408203,38.549879597801514
13.781835556030273,26.247501373291016,38.09886456535562
13.80783200263977,22.290945053100586,44.861265308305256
13.832507610321045,20.986318588256836,47.650091453370145
13.868014812469482,20.628929138183594,48.475613702556515
13.915739297866821,36.20290756225586,27.62209080252361
13.961960315704346,36.379337310791016,27.488131283341854
14.0079984664917,36.82136535644531,27.15814555814556
14.054659843444824,36.870479583740234,27.121968883773263
14.082977294921875,23.68927001953125,42.213204508856684
14.10940670967102,21.97432518005371,45.507654583527724
14.171320915222168,43.83087158203125,22.81496953872933
14.222428321838379,46.80323600769043,21.36604400250628
14.265127420425415,39.3829345703125,25.391708640061992
14.290632247924805,21.270751953125,47.012912482066
14.333406209945679,37.49895095825195,26.66741267277883
14.369708776473999,27.150630950927734,36.831556578092346
14.399581670761108,26.784896850585938,37.33447269102044
14.423681259155273,20.11847496032715,49.70555680646576
14.446377992630005,19.365549087524414,51.638091720529395
14.475411176681519,25.96139907836914,38.518725319129395
14.499893426895142,21.62027359008789,46.25288370349132
14.53086543083191,27.321338653564453,36.601427648917046
14.56044316291809,26.706218719482422,37.444462299355436
14.598386764526367,33.333539962768555,29.999814034661078
14.63468337059021,32.46617317199707,30.801289536104807
14.681623935699463,31.819581985473633,31.427188467042807
14.73344373703003,36.49163246154785,27.403542471105535
14.783948421478271,40.416717529296875,24.742236904200094
14.822499513626099,31.322717666625977,31.925709979676807
14.867039918899536,28.6562442779541,34.89640827668833
14.89502215385437,24.318456649780273,41.121030598339196
14.925602197647095,24.991989135742188,40.01282149126154
14.965129375457764,32.71818161010742,30.564045762588357
14.995926141738892,27.73141860961914,36.060181921350825
15.01977801322937,20.175457000732422,49.56517217744795
15.05044174194336,24.942874908447266,40.091609474469024
15.084144353866577,27.171611785888672,36.80311671902146
15.116199493408203,27.21881866455078,36.73928734101818
15.144627094268799,23.46181869506836,42.62244172103327
15.175793647766113,23.831605911254883,41.9610832658043
15.19966435432434,19.803285598754883,50.49667112122416
15.222472190856934,19.06299591064453,52.45765170843964
15.251067161560059,20.82538604736328,48.01831753445986
15.282444477081299,20.46370506286621,48.867006093369525
15.313354730606079,20.89214324951172,47.864883370612134
15.360425233840942,36.712646484375,27.238570241064007
15.3988938331604,27.61244773864746,36.21555066269482
15.42185115814209,19.681453704833984,50.80925499697153
15.462140560150146,29.087066650390625,34.37954098360656
15.50454831123352,24.1396427154541,41.42563383342058
15.527220964431763,19.243717193603516,51.96501226553014
15.562938213348389,20.57337760925293,48.60650589285093
15.598087310791016,24.413347244262695,40.96120003515728
15.637560844421387,33.35833549499512,29.97751491977272
15.678049087524414,37.496089935302734,26.669447447065558
15.729556322097778,34.26194190979004,29.18690372638391
15.777313709259033,36.32950782775879,27.525833951318113
15.80417251586914,22.502660751342773,44.439189260777894
15.855452299118042,36.07463836669922,27.720305601818808
15.894208669662476,28.488636016845703,35.101715624738475
15.928248882293701,30.07984161376953,33.244855901842044
15.964646816253662,30.411481857299805,32.88231743169613
16.007834911346436,31.909942626953125,31.338194859533772
16.046100616455078,23.79298210144043,42.02919985971241
16.09028387069702,37.137508392333984,26.926954534365652
16.134804487228394,34.97171401977539,28.59453784377088
16.173764944076538,27.88376808166504,35.86315870477884
16.196135759353638,18.9816951751709,52.682333731080824
16.237768173217773,30.512094497680664,32.77388905819014
16.27272653579712,31.442642211914062,31.803942978465273
16.313441276550293,28.743505477905273,34.790467737788134
16.356722116470337,25.847196578979492,38.68891533147006
16.378309965133667,18.418550491333008,54.29308894152978
16.428098917007446,34.00444984436035,29.407915863277825
16.487288236618042,47.15323448181152,21.20745291366452
16.532264471054077,30.315399169921875,32.98653579967283
16.585829973220825,36.35573387145996,27.505977558742714
16.618330001831055,28.142929077148438,35.53290410030498
16.64292335510254,20.704984664916992,48.29754844950082
16.66622257232666,20.290136337280273,49.28503107998543
16.69191265106201,20.60222625732422,48.53844373466648
16.725438594818115,23.307323455810547,42.90496941426789
16.77545404434204,42.27757453918457,23.653201748202452
16.81020736694336,29.392480850219727,34.022306762599264
16.85007905960083,23.140430450439453,43.214407879824435
16.873786449432373,19.238710403442383,51.97853593248485
16.912952661514282,24.188756942749023,41.34152087132226
16.94774055480957,27.71282196044922,36.08438005437214
16.982957363128662,31.61334991455078,31.632206099731516
17.040483474731445,43.87235641479492,22.79339615464041
17.102510929107666,43.099164962768555,23.202305679561434
17.13617181777954,30.484437942504883,32.80362268400842
17.179701328277588,28.292417526245117,35.3451591428114
17.230976819992065,32.999515533447266,30.303475182429015
17.277044534683228,32.96399116516113,30.33613238729649
17.30550980567932,23.840904235839844,41.94471778871155
17.332754373550415,23.13232421875,43.229551451187334
17.362441539764404,24.67203140258789,40.531725324210974
17.392961263656616,23.220300674438477,43.065764479993426
17.43592667579651,34.81101989746094,28.7265355322996
17.485530138015747,37.58692741394043,26.604994576628123
17.51338768005371,23.986339569091797,41.690396199033856
17.547818660736084,22.011280059814453,45.43125148935248
17.580742120742798,22.926807403564453,43.61706287306836
17.611395597457886,22.022247314453125,45.408626364108784
17.650294065475464,29.833555221557617,33.519303769649405
17.705618858337402,37.91952133178711,26.37164090891943
17.744139671325684,30.198097229003906,33.114669193115425
17.791115760803223,30.87162971496582,32.39219986871066
17.82139778137207,26.421070098876953,37.84858055550542
17.862860679626465,26.65257453918457,37.51982753222589
17.897237062454224,29.49047088623047,33.90925848074249
17.926077842712402,25.14338493347168,39.77189239420059
17.954044103622437,23.80990982055664,41.999319087577355
18.001631021499634,40.793657302856445,24.513614765547835
18.051761865615845,45.08495330810547,22.18034902168165
18.137340307235718,67.57116317749023,14.799212459511526
18.174142360687256,33.70547294616699,29.668772237587625
18.199705839157104,21.432876586914062,46.65729287176293
18.235238790512085,25.693416595458984,38.92047584581408
18.267889738082886,27.440309524536133,36.44273761219188
18.30742597579956,35.62808036804199,28.067748519423162
18.353164196014404,34.066200256347656,29.354609333445314
18.402430295944214,37.39166259765625,26.743929810242808
18.436580896377563,29.728412628173828,33.637853877616486
18.478129386901855,37.60552406311035,26.591837899181506
18.553076028823853,62.10064888000488,16.10289132295974
18.618366956710815,48.59662055969238,20.57756256469884
18.66573929786682,34.54422950744629,28.94839497822471
18.716895818710327,38.66314888000488,25.864422039280978
18.750308513641357,29.69193458557129,33.679179681540425
18.78319263458252,26.10921859741211,38.300648342617116
18.813564777374268,23.795127868652344,42.0254098032143
18.860438108444214,39.16120529174805,25.535475543974577
18.88381600379944,20.406723022460938,49.00345826712777
18.905556440353394,18.6007022857666,53.761410974531195
18.937981128692627,23.014545440673828,43.45078214026727
18.986353397369385,40.07101058959961,24.955697030998987
19.03098702430725,37.67895698547363,26.540012781816916
19.078362941741943,37.225961685180664,26.862972902002728
19.116068840026855,32.4249267578125,30.840470588235295
19.163156747817993,42.59538650512695,23.476720885714606
19.223893642425537,44.037580490112305,22.707877882267592
19.303339958190918,62.18981742858887,16.079802793251112
19.355621099472046,37.37664222717285,26.7546772639999
19.396653413772583,30.876874923706055,32.38669724416441
19.449542760849,38.20538520812988,26.1743205716247
19.489501237869263,31.88633918762207,31.36139254230191
19.54810619354248,43.12729835510254,23.18717003245084
19.602890491485596,35.86745262145996,27.880429941703948
19.644405841827393,30.707359313964844,32.56548340010559
19.691596746444702,31.037569046020508,32.21901813628717
19.733797550201416,26.94416046142578,37.11379322549818
19.767427682876587,29.769420623779297,33.59151703480643
19.81681728363037,32.42135047912598,30.84387248593595
19.879745960235596,47.10030555725098,21.231284769150555
19.911530017852783,26.988744735717773,37.052482795784414
19.957990884780884,33.621788024902344,29.742618068359096
19.99026083946228,20.574092864990234,48.604816093818805
20.0314199924469,31.365394592285156,31.8822706680045
20.072674989700317,35.50910949707031,28.161787613471557
20.107834100723267,29.819250106811523,33.535383901943696
20.160433292388916,35.57753562927246,28.107624159814506
20.208014249801636,36.334991455078125,27.521679790026248
20.24731755256653,29.022693634033203,34.45579561324242
20.2916419506073,25.67124366760254,38.95409248372387
20.322654485702515,25.633573532104492,39.01133795284379
20.350881338119507,23.85687828063965,41.916632521511445
20.384318351745605,25.35390853881836,39.44165052378176
20.420448303222656,30.571937561035156,32.70973578313629
20.463332414627075,25.875329971313477,38.64685015065098
20.510642051696777,41.494131088256836,24.099793724395106
20.55309557914734,37.2617244720459,26.837190553276983
20.603577613830566,40.92669486999512,24.433930059012344
20.647936582565308,39.36004638671875,25.406474122892032
20.687329530715942,31.482219696044922,31.76396104387865
20.72538137435913,34.887075424194336,28.66391028313298
20.756835460662842,27.178287506103516,36.79407688123936
20.805840969085693,39.81328010559082,25.11724724383043
20.853102207183838,41.88823699951172,23.873050565762814
20.88762855529785,30.26866912841797,33.03746179778821
20.926934242248535,35.123348236083984,28.471089751422095
20.982239246368408,32.06157684326172,31.189981855498377
21.005669116973877,20.412921905517578,48.98857716835245
21.0466365814209,33.56504440307617,29.792899660467956
21.09715747833252,36.629676818847656,27.30026816631519
21.13728642463684,29.16121482849121,34.29212417525815
21.162002563476562,21.800756454467773,45.86996795677993
21.196619272232056,25.96759796142578,38.50953028021595
21.22437334060669,24.129867553710938,41.44241561931863
21.266241550445557,32.58490562438965,30.689056200657053
21.32090950012207,41.13125801086426,24.31240979149881
21.355609893798828,29.854774475097656,33.49547995527871
21.405890464782715,33.168792724609375,30.14882116158712
21.4581618309021,38.013458251953125,26.306472654290015
21.50929570198059,42.159318923950195,23.719548264142194
21.53617763519287,22.98903465270996,43.49899920143534
21.568482875823975,28.30195426940918,35.3332490923029
21.605732440948486,29.74724769592285,33.616555394368795
21.65609049797058,33.87284278869629,29.52217521978138
21.70789885520935,38.793087005615234,25.777788703828897
21.74989891052246,35.08448600769043,28.50262648228059
21.777243852615356,23.125171661376953,43.24292224261295
21.82086992263794,28.002023696899414,35.71170465478633
21.853041648864746,28.591632843017578,34.97526725705042
21.909318447113037,38.123130798339844,26.230794246404002
21.9495267868042,31.717538833618164,31.528297490096442
21.990508794784546,26.46160125732422,37.79060799365697
22.0136137008667,19.35410499572754,51.66862534954482
22.06295132637024,35.841941833496094,27.900274060080356
22.10546636581421,36.15927696228027,27.6554202409289
22.14913773536682,28.322935104370117,35.30707521360327
22.203274488449097,36.03529930114746,27.750567343509125
22.25418734550476,39.36028480529785,25.40632022727135
22.300533533096313,39.40558433532715,25.377113849914387
22.3457932472229,38.88249397277832,25.718514884875987
22.381375312805176,25.434017181396484,39.31742252385684
22.41854476928711,31.954288482666016,31.29470401265426
22.46922492980957,37.087202072143555,26.9634791552827
22.514543294906616,42.48380661010742,23.538380380492733
22.561002016067505,33.937931060791016,29.46555575850393
22.600479125976562,27.94170379638672,35.78879825250009
22.64001750946045,35.936594009399414,27.826788474679724
22.67925500869751,30.942916870117188,32.31757381495408
22.735580444335938,39.26563262939453,25.467563694654263
22.7670259475708,25.055646896362305,39.91116270660665
22.8008553981781,30.893325805664062,32.36945113292585
22.838922023773193,34.31868553161621,29.13864515815288
22.863306522369385,21.24166488647461,47.07728915527421
22.891884803771973,24.648666381835938,40.57014625087054
22.93501925468445,37.02878952026367,27.006013778893823
22.97203516960144,27.716636657714844,36.07941368750645
22.994819402694702,19.675254821777344,50.825262953807375
23.03333330154419,27.478694915771484,36.39183021847398
23.06798005104065,31.711339950561523,31.534460592299652
23.10015082359314,24.48892593383789,40.834783963237726
23.154176712036133,39.27421569824219,25.461997960273905
23.204280376434326,43.018341064453125,23.24589873193225
23.245478868484497,36.933183670043945,27.07592199291197
23.278250455856323,22.74918556213379,43.957617615309644
23.31765627861023,31.29410743713379,31.954897643554247
23.347123622894287,26.314973831176758,38.001177824286735
23.38417387008667,19.965410232543945,50.08662423424607
23.408335208892822,20.102262496948242,49.74564431002787
23.433461666107178,21.27528190612793,47.0029024485908
23.467946767807007,25.056123733520508,39.910403166719
23.502605199813843,28.28383445739746,35.35588505533967
23.529221296310425,23.906946182250977,41.828847247015645
23.57812213897705,41.87297821044922,23.88175006263238
23.610891819000244,28.21803092956543,35.43833382620084
23.66061019897461,31.143665313720703,32.10925849371488
23.71450424194336,39.206504821777344,25.50597163776118
23.762312650680542,40.4515266418457,24.720945858333433
23.81294059753418,44.2662239074707,22.590587398877556
23.835460662841797,19.894123077392578,50.266101004290405
23.877196311950684,30.9298038482666,32.331275196756316
23.915223836898804,34.003496170043945,29.408740648291626
23.942864418029785,23.578882217407227,42.41083147112653
23.97869062423706,22.948265075683594,43.5762789344637
24.006807565689087,21.21138572692871,47.14449177785021
24.050069093704224,32.78017044067383,30.506247727107425
24.082160472869873,27.929306030273438,35.8046848323431
24.12682294845581,30.192136764526367,33.12120661744383
24.185267210006714,41.92471504211426,23.852278995706445
24.23060655593872,40.37213325500488,24.769560570001122
24.26089119911194,25.645732879638672,38.99284160422438
24.292760133743286,25.603055953979492,39.0578375408569
24.32904863357544,29.996871948242188,33.336809308831945
24.35701036453247,25.151729583740234,39.75869717709064
24.382387399673462,21.718502044677734,46.04369113223703
24.425343990325928,32.93013572692871,30.367320933398013
24.461669445037842,23.24533462524414,43.01938501302591
24.500250101089478,30.637741088867188,32.63948203946959
24.552464962005615,35.25042533874512,28.36845202264442
24.58474349975586,28.794050216674805,34.72939695787896
24.610743284225464,21.992921829223633,45.46917448100168
24.663174390792847,37.41574287414551,26.72671777127819
24.703861474990845,31.552553176879883,31.693156315880945
24.754464149475098,36.19050979614258,27.631553289326323
24.798553228378296,33.50830078125,29.84335154826958
24.846935749053955,33.763885498046875,29.61744435656988
24.90175724029541,43.82038116455078,22.820431347798646
24.929335117340088,24.409770965576172,40.967201265847514
24.962087631225586,27.413129806518555,36.4788700545317
25.003371953964233,37.653446197509766,26.557994047995948
25.038139820098877,26.06201171875,38.37002341920375
25.067561626434326,25.378704071044922,39.403115194558744
25.091454029083252,19.891977310180664,50.271523258183215
25.128987073898315,23.206233978271484,43.09186923377237
25.174487829208374,36.586761474609375,27.33229068918778
25.213165044784546,27.832508087158203,35.929208997926985
25.241775035858154,24.016618728637695,41.6378346718553
25.269660234451294,20.882844924926758,47.88619575517474
25.303322315216064,24.246931076049805,41.24233276630056
25.330996990203857,20.05481719970703,49.863331589709446
25.37068819999695,28.846263885498047,34.66653442433259
25.397636890411377,22.83620834350586,43.790106700632684
25.439059734344482,34.78121757507324,28.75114989409321
25.476905822753906,34.17801856994629,29.2585714983293
25.509088277816772,26.844024658203125,37.25223816967458
25.540762901306152,27.462482452392578,36.41331411803518
25.575262784957886,30.433177947998047,32.85887532707645
25.619471073150635,27.12392807006836,36.86781639505652
25.642929315567017,20.36118507385254,49.11305488226133
25.682055234909058,26.528358459472656,37.69550993996477
25.713411569595337,27.25505828857422,36.69043703418594
25.74844241142273,31.553030014038086,31.692677361099566
25.790746450424194,27.7707576751709,36.0091003528533
25.82386350631714,30.063629150390625,33.26278391067123
25.873703718185425,32.73773193359375,30.545793521323702
25.915531396865845,38.04159164428711,26.287017886912597
25.952316999435425,32.72438049316406,30.55825610537973
25.998316764831543,31.40568733215332,31.841366483203643
26.04008650779724,26.121139526367188,38.283169039795546
26.06566858291626,21.75164222717285,45.973540275996626
26.11564302444458,40.113210678100586,24.929443021272295
26.277126789093018,155.25007247924805,6.441220825411646
26.396838903427124,115.6163215637207,8.649297836801187
26.41721487045288,16.60442352294922,60.224915283441504
26.476486682891846,44.37732696533203,22.534029613392647
26.568671941757202,73.77028465270996,13.5555936202188
26.618284702301025,44.78120803833008,22.330795523516446
26.675653219223022,40.24767875671387,24.846153390478108
26.715845346450806,31.95667266845703,31.29236921424095
26.79531168937683,64.21017646789551,15.573855345188013
26.864675283432007,56.05602264404297,17.839296347334933
26.91507601737976,45.16029357910156,22.14334586307387
27.00560712814331,73.51827621459961,13.602059943312643
27.15175986289978,142.47393608093262,7.0188276361786475
27.249751091003418,95.3054428100586,10.492580177115125
27.292723655700684,38.45500946044922,26.004414354090716
27.359710454940796,52.16407775878906,19.17028044901093
27.40208411216736,38.91587257385254,25.69645581252872
27.471518993377686,54.00586128234863,18.516508694711654
27.49976634979248,24.579763412475586,40.68387409670692
27.563549995422363,50.13442039489746,19.946376005212123
27.59860134124756,22.858858108520508,43.74671714801256
27.624481678009033,20.364761352539062,49.104430083356746
27.68096923828125,43.538808822631836,22.968014675683815
27.735366582870483,35.912275314331055,27.84563192521925
27.777539253234863,32.75036811828613,30.534007935063517
27.806804656982422,24.583101272583008,40.67835009552997
27.85032033920288,28.217077255249023,35.43953156289343
27.886404752731323,32.95731544494629,30.34227716970622
27.917542219161987,26.95608139038086,37.09738019847517
27.958446502685547,28.154850006103516,35.51785925988653
28.009432792663574,32.21845626831055,31.038110320126687
28.04847741127014,37.03141212463379,27.004101183999587
28.08621573448181,30.515193939208984,32.77056020001562
28.140299797058105,38.64693641662598,25.875272213551145
28.165214776992798,21.41880989074707,46.687934815276556
28.19203758239746,22.37534523010254,44.69204786412215
28.22101354598999,24.69611167907715,40.49220431924157
28.269039392471313,40.430545806884766,24.733774428286686
28.30325698852539,27.56190299987793,36.28196500090828
28.352339267730713,30.211925506591797,33.09951230290882
28.402591228485107,34.371376037597656,29.09397630476402
28.451859951019287,37.1098518371582,26.94702216511404
28.50212836265564,40.68279266357422,24.58041679364261
28.54051113128662,32.2420597076416,31.01538825582513
28.585753679275513,31.288623809814453,31.960498041666032
28.627146005630493,26.355266571044922,37.94308045810642
28.671516180038452,39.49236869812012,25.321347717682002
28.70989966392517,31.200647354125977,32.05061704810301
28.74949598312378,23.82516860961914,41.97242069448614
28.799957036972046,43.361663818359375,23.061845693674673
28.853221893310547,34.661054611206055,28.85082439692115
28.898716688156128,33.97679328918457,29.431853426801116
28.955767393112183,44.5551872253418,22.444075814167533
28.99226450920105,33.846139907836914,29.545466712688697
29.040549278259277,36.52477264404297,27.37867829447244
29.093252658843994,41.509151458740234,24.091073049132117
29.146748304367065,33.54001045227051,29.815136802746718
29.19762682914734,39.18170928955078,25.52211269319703
29.240542888641357,34.83128547668457,28.709821825823276
29.28658127784729,34.624576568603516,28.881219616322145
29.32838010787964,36.87095642089844,27.12161812632559
29.38831639289856,43.89333724975586,22.78250100487773
29.45042109489441,44.69037055969238,22.376185014270852
29.507721185684204,39.85929489135742,25.08825112751373
29.550634622573853,37.43600845336914,26.71224955100689
29.581021308898926,21.553754806518555,46.39562846365718
29.612208366394043,20.64061164855957,48.44817668326152
29.650195360183716,27.287960052490234,36.64619847274888
29.679327249526978,25.46215057373047,39.2739802988876
29.713111400604248,28.4883975982666,35.10200938998569
29.763797521591187,47.97220230102539,20.84540529794742
29.815813302993774,37.265777587890625,26.834271675708877
29.84656310081482,22.07159996032715,45.307091547394
29.884315013885498,28.450965881347656,35.14819159990614
29.914554357528687,26.78966522216797,37.327827418034246
29.938368797302246,20.70164680480957,48.305335774913914
29.976008892059326,27.29654312133789,36.63467551751245
29.99887752532959,20.631074905395508,48.47057192053899
30.04576802253723,33.6456298828125,29.72154195011338
30.07923173904419,28.78880500793457,34.73572451945772
30.115013360977173,27.32253074645996,36.599830714055095
30.147802591323853,27.013063430786133,37.01912604478336
30.17778992652893,27.009010314941406,37.02468133187387
30.213457584381104,29.291391372680664,34.13972341828305
30.27112579345703,43.991804122924805,22.73150692355635
30.308598041534424,34.41429138183594,29.057695505182064
30.35739827156067,35.58993339538574,28.09783285881762
30.39487385749817,25.754213333129883,38.82859814295369
30.419090509414673,19.90795135498047,50.231185628742516
30.465359926223755,32.14550018310547,31.108553119530068
30.51148009300232,32.15909004211426,31.09540719872484
30.569865226745605,43.810367584228516,22.825647332847176
30.62764286994934,39.79039192199707,25.131695157975468
30.664657592773438,30.611753463745117,32.66719108999572
30.71330237388611,32.75322914123535,30.53134076300982
30.766157627105713,39.28542137145996,25.454735245031102
30.805428981781006,35.704851150512695,28.00739865248369
30.85690188407898,36.84210777282715,27.142855293896858
30.896047830581665,30.2426815032959,33.06585098583333
30.93845534324646,37.66036033630371,26.553118214220145
31.09398102760315,151.85785293579102,6.585105614675212
31.186406135559082,87.04662322998047,11.488096411941934
31.22529625892639,32.68289566040039,30.597044104988257
31.276698112487793,36.6053581237793,27.318405043833938
31.332533597946167,46.485185623168945,21.512229898498767
31.393219470977783,59.029340744018555,16.940727905746265
31.446318864822388,49.83186721801758,20.067480024879192
31.50167226791382,51.872968673706055,19.27786331818119
31.564700841903687,45.52936553955078,21.963846588885865
31.6332688331604,52.38032341003418,19.091138330169915
31.675716876983643,37.9338264465332,26.361695976267395
31.74867343902588,59.23938751220703,16.880660688700356
31.794660329818726,41.81075096130371,23.917293447455908
31.861164331436157,48.19846153259277,20.747550195638087
31.91982364654541,44.11911964416504,22.665910110295112
31.987723350524902,50.156354904174805,19.937653003503335
32.16391611099243,162.88137435913086,6.139437390767213
32.25422477722168,83.24003219604492,12.013450423046738
32.27980637550354,20.583391189575195,48.58285939327951
32.320996046066284,25.730371475219727,38.86457686641154
32.34773898124695,21.057844161987305,47.488242020764694
32.378572940826416,20.92146873474121,47.797791478159795
32.41671562194824,27.47631072998047,36.39498802540696
32.44162893295288,21.741151809692383,45.995723168364606
32.47913312911987,28.621673583984375,34.938557910169266
32.53108358383179,33.593177795410156,29.767948899929028
32.568148374557495,34.452199935913086,29.025722649356762
32.61489653587341,40.44222831726074,24.72662960495676
32.65470862388611,33.71381759643555,29.661428793686266
32.69199776649475,24.372577667236328,41.02971846692622
32.72380256652832,25.192975997924805,39.69360349020981
32.75243067741394,25.145769119262695,39.76812143852696
32.79068899154663,29.775142669677734,33.58506157615746
32.815791606903076,21.411657333374023,46.7035309051633
32.857792139053345,33.84208679199219,29.549005241503693
32.88438439369202,23.77033233642578,42.06924774322969
32.93336319923401,31.249523162841797,32.000488288700694
32.99591422080994,46.49543762207031,21.507486565204907
33.05081653594971,37.87851333618164,26.40019134660171
33.090290784835815,32.40013122558594,30.86407252604933
33.11336016654968,19.84119415283203,50.40019226147561
33.16341423988342,42.01340675354004,23.801926034378067
33.19306945800781,27.13179588317871,36.857125282295975
33.22201490402222,24.4293212890625,40.934415990006244
33.252636432647705,24.025917053222656,41.621720319136266
33.28556847572327,26.51238441467285,37.71822195843563
33.31852650642395,28.35988998413086,35.261067675493905
33.34592247009277,23.35357666015625,42.81999346618752
33.37538504600525,23.116350173950195,43.259424280866774
33.40755319595337,24.552106857299805,40.72970217228755
33.434255599975586,24.63221549987793,40.59724144606301
33.472594261169434,26.811599731445312,37.297289606601694
33.500553607940674,23.912429809570312,41.81925500518465
33.53380274772644,26.06201171875,38.37002341920375
33.57710647583008,38.45930099487305,26.001512615460914
33.621763467788696,37.06502914428711,26.97960916494063
33.65676283836365,30.14349937438965,33.17464862256883
33.69779872894287,34.79337692260742,28.74110214206422
33.74910235404968,39.42084312438965,25.367291025323116
33.78606176376343,31.71563148498535,31.530193572636723
33.8350396156311,30.770063400268555,32.499120557264504
33.880091428756714,29.478788375854492,33.92269679642196
33.93351078033447,36.91244125366211,27.09113691852579
33.96945595741272,31.94713592529297,31.30171049882086
34.00037360191345,26.525259017944336,37.6999146105793
34.02818155288696,24.054288864135742,41.57262788553984
34.07354998588562,37.46199607849121,26.693719093472158
34.10163354873657,24.737119674682617,40.42507830947906
34.141305923461914,26.172399520874023,38.20818947847871
34.17101335525513,25.162458419799805,39.74174475786202
34.195133686065674,19.92630958557129,50.18490733096426
34.25203037261963,52.26945877075195,19.13163104263025
34.35093450546265,84.08474922180176,11.8927630664886
34.420170545578,63.63368034362793,15.714948351248974
34.49044489860535,66.5428638458252,15.027907460023432
34.56836271286011,62.357187271118164,16.036643789787608
34.65778732299805,74.94044303894043,13.343929651982197
34.72765874862671,65.53459167480469,15.25911697080823
34.78843951225281,57.58476257324219,17.365705011427245
34.864712953567505,62.49570846557617,16.00109870825481
34.9303617477417,62.1190071105957,16.09813238353304
35.00244998931885,59.96537208557129,16.676291086345437
35.09603834152222,76.33018493652344,13.100977035907944
35.17164397239685,71.5477466583252,13.976680562359002
35.257468700408936,66.66326522827148,15.000765362688927
35.32207918167114,52.74057388305664,18.960734144026038
35.39310908317566,65.45186042785645,15.278404516892815
35.45591449737549,59.8607063293457,16.705449389423038
35.54327893257141,72.01743125915527,13.885527191347501
35.616575956344604,70.2810287475586,14.228590813488024
35.68367958068848,62.93654441833496,15.889019793541054
35.75057935714722,61.507463455200195,16.25818955659525
35.83513927459717,67.84629821777344,14.739197661015996
35.896326303482056,57.1138858795166,17.508876949986014
35.983086585998535,76.15041732788086,13.131904395143364
36.05673551559448,69.78893280029297,14.328919498763307
36.141512870788574,63.55643272399902,15.734048579199099
36.25489544868469,100.81219673156738,9.919434675773406
36.50413274765015,241.25933647155762,4.14491731024839
36.63792109489441,126.97696685791016,7.875444064741448
36.770171880722046,113.51966857910156,8.809046154880118
36.895183086395264,114.1357421875,8.761497326203209
37.035319328308105,128.38125228881836,7.789299311010827
37.147637605667114,101.58824920654297,9.843658177107292
37.28928899765015,133.64481925964355,7.482519753026954
37.50581407546997,211.84349060058594,4.7204660250119295
37.64768099784851,139.3418312072754,7.176595795647814
37.76949119567871,117.50984191894531,8.509925497898035
38.047932863235474,269.93274688720703,3.704626472822343
38.22733163833618,174.03054237365723,5.7461178156471036
38.358322620391846,125.2145767211914,7.986290623548139
38.57618236541748,213.32073211669922,4.687776898557333
38.7165629863739,132.97176361083984,7.520393599701644
38.844157457351685,114.8076057434082,8.710224322898712
38.95407152175903,101.72224044799805,9.830691848664257
39.03619980812073,72.87764549255371,13.72162881006049
39.106359004974365,66.06173515319824,15.13735595471393
39.17840313911438,67.31510162353516,14.85550754409577
39.241082429885864,58.617591857910156,17.059725046774588
39.30045700073242,54.305315017700195,18.41440381432391
39.37734651565552,71.21133804321289,14.042707628849412
39.4698052406311,85.11567115783691,11.748717790706468
39.530964374542236,56.75482749938965,17.619646540389084
39.590880393981934,55.808305740356445,17.918479816470647
39.65901327133179,63.60268592834473,15.722606449774899
39.7367627620697,56.2283992767334,17.784607295655086
39.812074422836304,55.20176887512207,18.115361525138965
39.873507499694824,57.30271339416504,17.451180594561983
39.93134784698486,54.4586181640625,18.362566545250772
40.00166654586792,55.48834800720215,18.02180161986809
40.06539845466614,57.77168273925781,17.30951830697613
40.144734144210815,60.49609184265137,16.529993418433904
40.20420837402344,55.86862564086914,17.89913370033713
40.2987220287323,75.61516761779785,13.224859925651026
40.39654731750488,82.69572257995605,12.092523879129654
40.470473527908325,68.64142417907715,14.568462294592276
40.541749477386475,59.288740158081055,16.86660902784759
40.620020151138306,59.67235565185547,16.75817870898659
40.683128356933594,59.291839599609375,16.865727337064918
40.75593376159668,55.39584159851074,18.051896516847645
40.81674242019653,57.75189399719238,17.315449430084755
40.885302782058716,58.13479423522949,17.20140258781553
40.95991063117981,54.25691604614258,18.430830074262865
41.02208995819092,54.64744567871094,18.29911695926844
41.08471059799194,55.0844669342041,18.153938045628266
41.16275453567505,56.75935745239258,17.618240319911283
41.22534918785095,55.56440353393555,17.99713371150034
41.3007071018219,55.43994903564453,18.037534618891165
41.36102247238159,56.64324760437012,17.65435497245127
41.41991662979126,55.341482162475586,18.06962807870101
41.491249322891235,58.44235420227051,17.110878123406426
41.567911863327026,56.89692497253418,17.575642277376666
41.643600940704346,69.11134719848633,14.469403947922201
41.704530239105225,57.92951583862305,17.262357289257288
41.77349305152893,58.397769927978516,17.12394156888682
41.84584617614746,64.84508514404297,15.421369218324877
41.92245173454285,72.99494743347168,13.69957832919066
41.986167192459106,58.99548530578613,16.950449594859464
42.06119203567505,63.55714797973633,15.733871512277833
42.123552322387695,57.880401611328125,17.277005206617016
42.192830085754395,56.63466453552246,17.657030516580157
42.26318669319153,64.48650360107422,15.507120779662522
42.33258867263794,57.04617500305176,17.52965908663471
42.39242506027222,55.81545829772949,17.916183625436233
42.450989723205566,54.49390411376953,18.3506763969829
42.51372718811035,59.6311092376709,16.76977022202142
42.57921361923218,57.297468185424805,17.452778136091844
42.665735960006714,66.2837028503418,15.086664700338831
42.73521661758423,57.448387145996094,17.40692906588755
42.82977318763733,73.85993003845215,13.539140904674442
42.891573905944824,57.50250816345215,17.390545768151156
42.959736824035645,62.56532669067383,15.983293828929417
43.019166707992554,55.271148681640625,18.092621989095175
43.08121156692505,59.18097496032715,16.89732216595561
43.14602780342102,60.68897247314453,16.47745808256203
43.232728481292725,78.42040061950684,12.75178387384128
43.29588842391968,60.08768081665039,16.64234642457524
43.37263464927673,67.60025024414062,14.79284464759325
43.44329857826233,59.15427207946777,16.904949800694045
43.50163245201111,55.33123016357422,18.07297609403816
43.5632209777832,53.82513999938965,18.578679033836966
43.626816511154175,54.28767204284668,18.42038831966763
43.68617606163025,55.351972579956055,18.066203486343646
43.7538628578186,63.42124938964844,15.767585937265045
43.82943892478943,70.17970085144043,14.249134548419425
43.892717599868774,58.030128479003906,17.232427813111144
43.96593928337097,65.09184837341309,15.362906799992674
44.04152870178223,62.21914291381836,16.07222396787321
44.12528920173645,68.42613220214844,14.614299651567944
44.209526777267456,71.68745994567871,13.949441098314148
44.26908755302429,55.80854415893555,17.918403267286973
44.35805583000183,69.44537162780762,14.399807741824736
44.42397475242615,62.76130676269531,15.933383984196931
44.495479583740234,67.33512878417969,14.851089142565788
44.56934094429016,68.86625289916992,14.52090041059942
44.63907790184021,66.65635108947754,15.002321364060705
44.72536492347717,65.84310531616211,15.187619040721884
44.78781294822693,58.589935302734375,17.06777785012045
44.86474418640137,65.32025337219238,15.309187401678267
44.92948317527771,60.2114200592041,16.608145083054506
44.98568367958069,51.91469192504883,19.262369917243028
45.08308172225952,79.11562919616699,12.639727575451655
45.145718574523926,57.57641792297363,17.368221853221417
45.219080686569214,66.92123413085938,14.94294020407
45.27921223640442,55.20915985107422,18.112936380439102
45.35643529891968,58.144330978393555,17.198581240389544
45.41450881958008,52.90675163269043,18.901179322869492
45.481292724609375,60.70256233215332,16.473769171854443
45.54223942756653,55.0847053527832,18.153859471438093
45.611388206481934,50.43911933898926,19.82588144093554
45.66837954521179,52.80780792236328,18.936593646723132
45.74071145057678,54.95333671569824,18.197257159715562
45.799214601516724,54.44645881652832,18.366667396492456
45.867512702941895,55.871009826660156,17.89836988990356
45.923707485198975,51.35774612426758,19.47125945870665
45.98049020767212,53.54475975036621,18.67596389753454
46.052533864974976,54.9473762512207,18.199231123028994
46.112833738327026,53.63130569458008,18.64582610937736
46.17210936546326,55.04441261291504,18.167148172371824
46.249945402145386,67.97599792480469,14.71107494598614
46.3322856426239,71.30670547485352,14.023926548571964
46.40663146972656,53.28631401062012,18.76654481675533
46.470765590667725,55.04322052001953,18.16754162551761
46.53012776374817,56.31256103515625,17.758027367565372
46.59417128562927,55.47785758972168,18.025209397870995
46.65543174743652,54.944515228271484,18.200178777543456
46.716357946395874,56.84971809387207,17.59023674222567
46.788188457489014,68.32432746887207,14.636075275758706
46.86167597770691,68.43352317810059,14.61272127400873
46.925995111465454,60.509443283081055,16.526346066707383
46.996055364608765,64.87798690795898,15.413548534091827
47.06270360946655,57.68132209777832,17.3366345227811
47.13132119178772,63.5533332824707,15.734815915246735
47.194916009902954,59.5250129699707,16.799660346222552
47.26579141616821,66.87641143798828,14.952955436720142
47.34712195396423,60.1811408996582,16.61650120038983
47.441864013671875,77.50153541564941,12.90297017519573
47.524635314941406,65.25444984436035,15.3246254069281
47.62972044944763,93.3074951171875,10.717252657399836
47.720500469207764,74.25498962402344,13.467108473966762
47.80055522918701,60.18710136413574,16.614855630776056
47.86665678024292,60.15467643737793,16.62381146777537
47.92269730567932,51.83863639831543,19.290630878409765
47.983806848526,56.30826950073242,17.75938079551517
48.049731731414795,59.72862243652344,16.742391825003992
48.1091992855072,43.210744857788086,23.142392090002705
48.18280386924744,68.47381591796875,14.604122562674094
48.25903511047363,73.22144508361816,13.657201095362293
48.32900142669678,61.048030853271484,16.38054472884626
48.41180419921875,64.96191024780273,15.393635996623482
48.49903655052185,75.27995109558105,13.28374933095168
48.560765504837036,57.62195587158203,17.354495953393688
48.633888244628906,54.8555850982666,18.22968432856255
48.71577548980713,73.79913330078125,13.550294634549777
48.81079125404358,75.5002498626709,13.244989279094076
48.8909170627594,63.2781982421875,15.803231251507114
48.96479535102844,70.66607475280762,14.151061927495403
49.041351556777954,71.86555862426758,13.914871311698393
49.124231815338135,65.03510475158691,15.376311052618073
49.19058680534363,61.49744987487793,16.260836864529985
49.25679016113281,62.5309944152832,15.992069362575016
49.33059906959534,68.47572326660156,14.603715773933875
49.408310651779175,73.11892509460449,13.676349846584259
49.482325315475464,63.87591361999512,15.6553533770039
49.54762530326843,59.51499938964844,16.8024869403583
49.625937700271606,66.61486625671387,15.01166415535982
49.699448108673096,68.98021697998047,14.496910038572674
49.75900721549988,56.39028549194336,17.733550934812573
49.83540940284729,74.13506507873535,13.48889353422631
49.90222787857056,63.820838928222656,15.668863286561766
49.96452856063843,58.14218521118164,17.19921596286485
50.04091954231262,72.39174842834473,13.813729074244236
50.10215353965759,57.51609802246094,17.38643674349196
50.18813943862915,66.23053550720215,15.098775698276762
50.271504402160645,72.36313819885254,13.8191906112753
50.36845302581787,76.68542861938477,13.040287027191722
50.43973398208618,66.8792724609375,14.952315765457449
50.499263525009155,55.49907684326172,18.018317724890455
50.55672812461853,54.24332618713379,18.43544764474997
50.6233856678009,51.824092864990234,19.296044459575093
50.68410539627075,57.16824531555176,17.49222832501324
50.759767293930054,64.38660621643066,15.531180454496644
50.832130432128906,59.97180938720703,16.67450107338793
50.88995289802551,54.47077751159668,18.358467524850415
50.96159362792969,65.8564567565918,15.184539971472221
51.037850856781006,71.65217399597168,13.95631066345901
51.101908683776855,59.04436111450195,16.936418332323843
51.16290092468262,56.97178840637207,17.552547110986495
51.24856400489807,73.33779335021973,13.635534344816824
51.31796932220459,64.72992897033691,15.448804222514429
51.39732885360718,61.721086502075195,16.201918285517834
51.486199617385864,86.86423301696777,11.512218150877626
51.54626798629761,56.46944046020508,17.70869326578003
51.611082553863525,60.8363151550293,16.43755045734933
51.67154836654663,56.120872497558594,17.818682345744048
51.75414204597473,64.85366821289062,15.419328274807365
51.83735156059265,69.4429874420166,14.400302130362384
51.900397539138794,58.63046646118164,17.055978919459648
51.975239515304565,66.89906120300293,14.947892870507316
52.04775261878967,61.29193305969238,16.315360767396538
52.11504316329956,62.79897689819336,15.923826300883075
52.1783242225647,59.95774269104004,16.678413080908697
52.261489152908325,75.03128051757812,13.32777467080177
52.32563304901123,60.0283145904541,16.6588052125492
52.39832401275635,68.80450248718262,14.533932574925412
52.47410845756531,68.87316703796387,14.519442665512765
52.56544351577759,82.61656761169434,12.104109731356722
52.63720107078552,69.23580169677734,14.443394537114836
52.70771861076355,64.43929672241211,15.518480971444216
52.784483432769775,71.41804695129395,14.002063101529298
52.8575541973114,68.47190856933594,14.604529374077272
52.94415330886841,69.75436210632324,14.336021000030762
53.02527928352356,72.7231502532959,13.750779449418568
53.10952067375183,64.2843246459961,15.555891821324195
53.18559503555298,71.67887687683105,13.951111451123094
53.25391674041748,65.31572341918945,15.310249165918366
53.32957482337952,67.6276683807373,14.786847217178858
53.40701127052307,66.65158271789551,15.003394656545892
53.48295021057129,72.04675674438477,13.87987530858478
53.5445511341095,57.024240493774414,17.53640191155504
53.63314175605774,73.65775108337402,13.57630371945634
53.7117063999176,73.55737686157227,13.594829542139621
53.77720379829407,61.32960319519043,16.305339475576808
53.85299873352051,70.63865661621094,14.156554610503578
53.9081666469574,51.117658615112305,19.562711342658453
53.96627235412598,54.5504093170166,18.331668130821107
54.03865957260132,68.87269020080566,14.51954319026008
54.146233797073364,92.52429008483887,10.8079726856922
54.21107840538025,60.93025207519531,16.412208483330726
54.308151960372925,83.89973640441895,11.918988579174256
54.37917232513428,66.00165367126465,15.151135530341616
54.450133085250854,57.12294578552246,17.506099978713724
54.52531576156616,69.9155330657959,14.30297326144854
54.58973455429077,60.61244010925293,16.498263363057426
54.66990613937378,59.91339683532715,16.690757874211585
54.74417161941528,70.32608985900879,14.219473910817747
54.813076972961426,65.5527114868164,15.254899108195005
54.881179332733154,64.05448913574219,15.61170830479707
54.94663429260254,62.018632888793945,16.12418644882268
55.028817892074585,62.532663345336914,15.991642551309473
55.10000729560852,56.586265563964844,17.67213280525828
55.16770386695862,62.380075454711914,16.03075970509209
55.24199151992798,59.18550491333008,16.896028875049346
55.30669903755188,60.70208549499512,16.47389857935688
55.3740119934082,62.93487548828125,15.889441144381138
55.43861174583435,53.38764190673828,18.730926564370055
55.50408625602722,57.94358253479004,17.25816658643065
55.586827516555786,62.93654441833496,15.889019793541054
55.648886919021606,57.50417709350586,17.39004104647788
55.71758317947388,63.51661682128906,15.74391159424642
55.7904999256134,63.37094306945801,15.780102860453654
55.87099766731262,75.82831382751465,13.187686096708976
55.940067768096924,64.5456314086914,15.49291529380476
56.0140118598938,69.32783126831055,14.42422158180355
56.08643078804016,64.33534622192383,15.543555117439094
56.15233135223389,61.508893966674805,16.257811440111322
56.21176099777222,56.210994720458984,17.790113926520362
56.28810715675354,72.30210304260254,13.830856336374758
56.379114389419556,78.8414478302002,12.683683868333913
56.46189522743225,68.1610107421875,14.671143944481756
56.528801679611206,58.70366096496582,17.034712717436776
56.592031955718994,58.76517295837402,17.01688176274652
56.63651919364929,40.862083435058594,24.47256517375779
56.725372552871704,83.8935375213623,11.919869271758436
56.789088010787964,59.6468448638916,16.765346134936465
56.85249447822571,57.81221389770508,17.297382898524425
56.91840314865112,60.32109260559082,16.57794905239027
57.00030541419983,64.40377235412598,15.527040784217911
57.06097221374512,56.781768798828125,17.611286530063822
57.12064337730408,56.077003479003906,17.832621894185472
57.191977977752686,53.79891395568848,18.587735819790915
57.255417823791504,55.51624298095703,18.012746293783177
57.31741285324097,55.260419845581055,18.096134680018466
57.37532615661621,54.24141883850098,18.43609590998
57.44378304481506,56.272268295288086,17.770742681857275
57.50195121765137,54.24213409423828,18.435852805176083
57.56468653678894,52.71601676940918,18.969566770839457
57.62725353240967,59.48328971862793,16.811444100187984
57.69061303138733,52.90365219116211,18.902286677422552
57.74630379676819,52.67453193664551,18.984506615127664
57.80215072631836,52.84619331359863,18.922838851718677
57.866307735443115,57.18493461608887,17.487123255687905
57.9221248626709,52.13427543640137,19.18123905298925
57.98287510871887,55.992841720581055,17.85942576356924
58.04737043380737,54.01420593261719,18.513648080793814
58.10318636894226,52.83093452453613,18.928304202825952
58.15952777862549,51.95021629333496,19.249198008214965
58.220569133758545,54.84199523925781,18.234201648523634
58.29242753982544,68.65787506103516,14.564971594460573
58.37863850593567,74.22804832458496,13.471996402588852
58.45852518081665,75.20914077758789,13.296256142019338
58.5193874835968,57.48939514160156,17.39451245811353
58.59231376647949,67.52777099609375,14.80872217828494
58.65362286567688,57.21902847290039,17.476703584256274
58.736502170562744,79.18667793273926,12.628386820942213
58.795095682144165,54.344892501831055,18.400993248193597
58.8540141582489,54.84938621520996,18.231744582817154
58.91199707984924,52.84547805786133,18.923094969546582
58.966599225997925,50.02593994140625,19.989629403690714
59.045796155929565,73.12369346618652,13.67545801638719
59.10785460472107,55.55295944213867,18.00084118005545
59.173667430877686,61.774492263793945,16.187911277841458
59.243287801742554,62.53361701965332,15.991398669386355
59.301692485809326,54.398298263549805,18.3829279944601
59.36043047904968,55.45830726623535,18.03156369701946
59.41920018196106,56.21910095214844,17.78754877014419
59.48251700401306,55.654287338256836,17.96806765168294
59.543339252471924,53.31778526306152,18.755467712437007
59.6018123626709,49.96180534362793,20.01528954212498
59.666688203811646,51.80525779724121,19.30306000819193
59.72264814376831,50.926923751831055,19.6359788954275
59.79691195487976,56.1525821685791,17.808620038128236
59.86320948600769,60.78076362609863,16.452573813511787
59.93978428840637,59.255361557006836,16.876110004627115
59.99691605567932,53.5280704498291,18.68178680076432
60.06661033630371,61.34462356567383,16.301347076152943
60.159069776535034,77.14676856994629,12.962305726303168
60.24239706993103,66.10941886901855,15.126437610672129
60.30784893035889,60.96148490905762,16.403799899096956
60.3782684803009,65.04321098327637,15.37439472748533
60.46185326576233,79.66923713684082,12.55189626433084
60.52909326553345,58.21943283081055,17.17639542978828
60.60778284072876,74.33152198791504,13.453242625148748
60.66787147521973,56.39243125915527,17.732876162129482
60.732032775878906,57.96670913696289,17.25128120758442
60.790279388427734,53.92122268676758,18.545573526940867
60.86758756637573,67.08312034606934,14.906879626964072
60.924245834350586,53.235769271850586,18.784362725998378
60.99652552604675,55.72223663330078,17.94615687415496
61.058162689208984,56.63418769836426,17.65717918169916
61.145771980285645,80.98673820495605,12.347700650312202
61.217387676239014,67.52347946166992,14.809663364099233
61.278589725494385,56.601524353027344,17.667368704823843
61.397106647491455,97.72157669067383,10.233154579212147
61.458040714263916,57.8615665435791,17.282629208575585
61.522221326828,58.455467224121094,17.107039725915655
61.59446597099304,68.90869140625,14.511957484499558
61.64836025238037,49.89123344421387,20.043601469948722
61.710575580596924,52.66261100769043,18.988804027471556
61.76574945449829,52.6432991027832,18.995769965851757
61.842907667160034,62.02268600463867,16.123132750574687
61.90224361419678,53.34043502807617,18.74750364284884
61.991363286972046,69.54240798950195,14.379714894988378
62.05255722999573,54.396629333496094,18.38349199670401
62.113133907318115,52.33573913574219,19.10740187324611
62.18460988998413,58.901071548461914,16.977619824407302
62.25411248207092,64.27526473999023,15.558084498683186
62.32140016555786,64.50414657592773,15.502879319903899
62.38922429084778,62.024831771850586,16.122574966077394
62.459654331207275,65.91606140136719,15.170809340548049
62.520559310913086,57.327985763549805,17.443487446506772
62.58879065513611,60.123443603515625,16.632447179747476
62.67901587486267,73.2581615447998,13.650356204864174
62.757585763931274,74.3098258972168,13.457170541392077
62.83447551727295,58.954477310180664,16.962240115176343
62.890690326690674,52.17480659484863,19.16633841626416
62.955801248550415,61.08283996582031,16.3712099921936
63.02940106391907,64.59641456604004,15.48073537390611
63.095932722091675,60.990095138549805,16.39610493684791
63.15593910217285,55.46927452087402,18.02799853860867
63.23097276687622,69.81396675109863,14.32378142278047
63.30600905418396,70.99723815917969,14.085054939150526
63.386298179626465,73.2121467590332,13.658935631150797
63.448776721954346,52.68573760986328,18.980468820707756
63.512996673583984,60.47630310058594,16.535402277099696
63.58064532279968,59.14306640625,16.90815273477812
63.62903094291687,43.92290115356445,22.767166415163985
63.67720437049866,44.307708740234375,22.569436074042187
63.72101140022278,40.03429412841797,24.97858453036042
63.772438287734985,47.441720962524414,21.078493353770384
63.8147828578949,28.525114059448242,35.056827394832965
63.85704445838928,23.97894859313965,41.7032463335819
63.88330006599426,22.452116012573242,44.53923182296036
63.916985511779785,22.561311721801758,44.32366399306766
63.955511808395386,30.67612648010254,32.59863987875491
64.0129668712616,41.94521903991699,23.84061933371606
64.07187843322754,54.06308174133301,18.496910789964588
64.09714078903198,22.660493850708008,44.12966489557578
64.12232160568237,22.121429443359375,45.20503535092257
64.14850378036499,21.69513702392578,46.09327882544288
64.1871395111084,29.38985824584961,34.025342743571024
64.26219987869263,57.77597427368164,17.30823257541369
64.32008910179138,52.33335494995117,19.108272361983033
64.35345220565796,25.426149368286133,39.32958882272962
64.3794310092926,21.37446403503418,46.78479883102252
64.43471431732178,46.01621627807617,21.73146948799519
64.51768898963928,66.94722175598145,14.93713964180529
64.55409812927246,33.0350399017334,30.270888213685144
64.58078074455261,21.691083908081055,46.10189164532475
64.62929940223694,44.045209884643555,22.70394448383936
64.68460726737976,46.981096267700195,21.28515678523037
64.75665950775146,58.412790298461914,17.119538287598825
64.82241344451904,61.82098388671875,16.175737381216834
64.87380075454712,47.385454177856445,21.10352253344671
64.929208278656,51.32699012756348,19.482926965222198
64.99650359153748,49.973487854003906,20.010610484532737
65.0365719795227,36.13710403442383,27.672388995183745
65.06156754493713,21.3775634765625,46.77801570306924
65.09586000442505,24.04928207397461,41.581282839298105
65.12348461151123,21.01731300354004,47.57982144680272
65.1480929851532,21.46768569946289,46.58163967926079
65.19034886360168,27.0845890045166,36.92136512882809
65.23483371734619,41.106462478637695,24.327075104545482
65.28633451461792,47.98531532287598,20.839708841577025
65.36312532424927,57.12461471557617,17.505588527450147
65.41178464889526,43.900489807128906,22.778789129537504
65.47927284240723,50.38642883300781,19.846613922852708
65.5253632068634,42.534828186035156,23.510145512432455
65.56857085227966,31.047582626342773,32.208626740283975
65.61058259010315,26.948213577270508,37.108211167045624
65.63982605934143,26.55196189880371,37.66200041304875
65.69715332984924,50.60839653015137,19.75956696047902
65.73761415481567,35.95590591430664,27.811842716000264
65.7633798122406,20.53213119506836,48.704150119603334
65.79181933403015,20.209312438964844,49.48213864376386
65.81943106651306,24.080753326416016,41.52694006059286
65.85810899734497,24.498939514160156,40.818093347347116
65.8826150894165,20.079612731933594,49.80175730230349
65.9254801273346,29.06656265258789,34.40379283757403
66.00589776039124,61.492919921875,16.262034739454094
66.0481948852539,26.46470069885254,37.78618210646751
66.07245302200317,20.657062530517578,48.40959349968837
66.10429954528809,19.8514461517334,50.37416379424234
66.13130068778992,22.083282470703125,45.28312316462256
66.16798281669617,21.9573974609375,45.542738012508686
66.19923138618469,21.941184997558594,45.576389794410396
66.22922253608704,21.255970001220703,47.04560647867734
66.26578998565674,26.654720306396484,37.51680709851697
66.29585528373718,26.48758888244629,37.7535306983987
66.32375884056091,22.80449867248535,43.850996873987185
66.35592317581177,23.64826202392578,42.28640561358229
66.38462162017822,21.645069122314453,46.199898662789415
66.41914701461792,25.821208953857422,38.72785359457812
66.44803857803345,23.97751808166504,41.70573437142658
66.4743320941925,22.701501846313477,44.04994906371761
66.50910711288452,22.884130477905273,43.69840492587229
66.53648972511292,24.132728576660156,41.43750246986762
66.57104134559631,21.922588348388672,45.61505165851006
66.59690928459167,22.84383773803711,43.77548166238754
66.63387656211853,22.037506103515625,45.377185390341005
66.65901184082031,21.12555503845215,47.336034399088106
66.6991925239563,25.742769241333008,38.84585961305141
66.72556614875793,21.53801918029785,46.429525000830225
66.76077222824097,24.05858039855957,41.56521222091191
66.78881287574768,21.089792251586914,47.41630396689917
66.82190871238708,23.021459579467773,43.43773237088205
66.85320544242859,27.753353118896484,36.03168221569335
66.91239500045776,51.58376693725586,19.385943667440078
66.95784997940063,34.94834899902344,28.61365496916444
66.9822359085083,20.464420318603516,48.86529813360673
67.00676608085632,21.862506866455078,45.740408733014895
67.03707814216614,21.404743194580078,46.71861703312616
67.06796526908875,21.20685577392578,47.15456221612627
67.10051250457764,23.53382110595703,42.49203711958504
67.13271450996399,25.293588638305664,39.53571058262402
67.1628794670105,25.005817413330078,39.990694304075056
67.19068336486816,21.058082580566406,47.48770436121553
67.21504735946655,20.669937133789062,48.379440804650734
67.25178933143616,21.346092224121094,46.84698208461779
67.28375720977783,21.490812301635742,46.531512441895295
67.3148820400238,22.220611572265625,45.00326180257511
67.34650492668152,22.937536239624023,43.5966613655971
67.38007116317749,24.017810821533203,41.6357680319244
67.40814900398254,20.958662033081055,47.71296938810334
67.44081354141235,22.376537322998047,44.68966692948622
67.47263145446777,23.284196853637695,42.94758398951475
67.50415349006653,26.922941207885742,37.14304437537083
67.54739141464233,36.501407623291016,27.396203738781697
67.60618662834167,48.60496520996094,20.57402974532041
67.63379645347595,23.028850555419922,43.42379128274148
67.68334007263184,32.81283378601074,30.47588045950286
67.73273825645447,36.57245635986328,27.34298156405643
67.76957607269287,31.795978546142578,31.450518138600202
67.80951642990112,21.47960662841797,46.55578741730675
67.8533296585083,33.44249725341797,29.90207317420937
67.9066710472107,41.01824760437012,24.379393523712096
67.94365620613098,33.11586380004883,30.197007876283315
67.98869585990906,31.803369522094727,31.443209163899155
68.03685808181763,32.46927261352539,30.798349316376132
68.07371115684509,22.010087966918945,45.43371210069651
68.1055314540863,22.23348617553711,44.9772020503142
68.1350359916687,20.87569236755371,47.90260281638667
68.16957640647888,22.960424423217773,43.55320187325421
68.2181785106659,41.37134552001953,24.171319241142434
68.3788595199585,158.44392776489258,6.311381029911431
68.46470880508423,82.18502998352051,12.167666060358156
68.49310183525085,20.165443420410156,49.58978481910617
68.55097723007202,47.043800354003906,21.256786069046605
68.60602474212646,39.948225021362305,25.03240130106532
68.65058374404907,37.56904602050781,26.617657511296137
68.69687509536743,37.60862350463867,26.589646384602705
68.73700976371765,36.14091873168945,27.66946815668993
68.80448579788208,50.46963691711426,19.813893284833597
68.84773468971252,38.54250907897949,25.945378853017772
68.9003894329071,38.37847709655762,26.056271005336367
69.05118370056152,141.8461799621582,7.049890242139623
69.13506245613098,75.75297355651855,13.200801936229075
69.18631339073181,41.65029525756836,24.00943363824745
69.22811579704285,37.284135818481445,26.82105882428172
69.27850461006165,40.31205177307129,24.806477368835054
69.32718920707703,43.097496032714844,23.203204177823018
69.36997365951538,37.61625289916992,26.58425342578625
69.52598261833191,147.8738784790039,6.762519589570287
69.70450043678284,170.87054252624512,5.852383829391795
69.79101133346558,69.38815116882324,14.411682443692339
69.8402795791626,45.18389701843262,22.13177848719099
69.88424730300903,40.95602035522461,24.416434783621103
69.92942023277283,38.14363479614258,26.216693960721564
70.00027990341187,61.74755096435547,16.194974284522836
70.05785489082336,40.01116752624512,24.993022244203576
70.11384439468384,48.699140548706055,20.534243289157395
70.19180083274841,64.66484069824219,15.464354186945108
70.24957585334778,43.09272766113281,23.205771699198866
70.30434846878052,36.9267463684082,27.080642037163777
70.35106778144836,36.24320030212402,27.591382429365524
70.5292489528656,167.24014282226562,5.97942565178714
70.76523303985596,230.10635375976562,4.345816548134149
70.79856562614441,31.18157386779785,32.07022212027373
70.86173439025879,47.6229190826416,20.99829282334977
70.92178153991699,45.22275924682617,22.11275951876338
70.96075510978699,37.15372085571289,26.91520464083576
71.01342606544495,41.71872138977051,23.97005389156537
71.05564403533936,38.045644760131836,26.28421745260849
71.102365732193,38.249969482421875,26.143811708387354
71.14284157752991,36.95368766784668,27.06089873866899
71.22054839134216,62.49856948852539,16.000366219319595
71.2694342136383,43.092966079711914,23.20564330963512
71.3218891620636,39.51692581176758,25.30561220180276
71.36614227294922,37.26625442504883,26.83392832009008
71.52020287513733,143.2185173034668,6.982337331988241
71.63342785835266,107.6512336730957,9.289257223346814
71.72192192077637,84.24925804138184,11.869540732439646
71.78274869918823,57.67512321472168,17.338497852480497
71.84957432746887,53.23195457458496,18.78570884709613
71.92717146873474,67.83270835876465,14.742150567113399
71.9900279045105,52.42633819580078,19.0743819693304
72.04018068313599,47.17373847961426,21.19823512465822
72.0881507396698,40.93360900878906,24.429802898280602
72.12819194793701,34.12747383117676,29.301905114537416
72.17276930809021,40.2834415435791,24.82409550132871
72.25056219100952,63.94195556640625,15.639183868273475
72.297847032547,41.770219802856445,23.940501264291054
72.33739471435547,25.184154510498047,39.707507336930796
72.36799430847168,23.495197296142578,42.56188987883831
72.39154696464539,19.82259750366211,50.4474754035265
72.44260334968567,37.02902793884277,27.00583989543561
72.467848777771,21.65055274963379,46.18819720512284
72.5122663974762,29.42633628845215,33.9831635918751
72.54216837882996,26.055097579956055,38.380205521444324
72.5866367816925,25.94733238220215,38.53960728101368
72.62399101257324,32.611846923828125,30.663703357117793
72.68441987037659,44.568777084350586,22.437232193008263
72.72242045402527,33.35738182067871,29.978371965034913
72.77131652832031,37.73021697998047,26.503955716199478
72.8151113986969,34.12652015686035,29.302723963755003
72.85661172866821,30.304908752441406,32.99795449538975
72.91100716590881,38.7113094329834,25.83224423682152
72.94734787940979,32.816171646118164,30.472780639489688
73.11883640289307,152.8933048248291,6.5405087629292
73.20071816444397,78.31811904907227,12.768437395354502
73.26466464996338,50.39334297180176,19.843890899628605
73.31300783157349,37.76216506958008,26.481532458676902
73.35941290855408,38.61117362976074,25.89923863980191
73.40593981742859,38.88893127441406,25.714257687969003
73.4621033668518,52.93560028076172,18.890878627920802
73.5292136669159,63.47155570983887,15.75508885541603
73.699551820755,159.35015678405762,6.275488020731249
73.82834887504578,123.50988388061523,8.096518016052876
73.89561223983765,62.31379508972168,16.04781089901784
73.979909658432,67.96646118164062,14.71313913677948
74.04723238945007,57.152748107910156,17.496971416175807
74.12433052062988,70.48916816711426,14.186576831623558
74.21477556228638,82.29780197143555,12.150992809590303
74.28807616233826,62.49594688415527,16.00103766494867
74.3726966381073,70.14870643615723,14.25543036791571
74.44250059127808,62.81089782714844,15.920804105554037
74.50850248336792,52.76966094970703,18.950282833029114
74.5841896533966,66.8630599975586,14.955941293092382
74.65775442123413,68.66788864135742,14.562847639350865
74.74475979804993,73.1055736541748,13.678847590068715
74.80554914474487,56.26559257507324,17.772851119727115
74.87510943412781,64.64862823486328,15.468232309076694
74.9525876045227,67.12770462036133,14.896978909907158
75.02143597602844,57.8770637512207,17.278001598325876
75.08903479576111,59.17072296142578,16.900249818679992
75.18443489074707,80.25527000427246,12.460240928063218
75.2710816860199,74.59592819213867,13.40555743772333
75.33500003814697,59.23056602478027,16.88317480507666
75.41320538520813,60.29677391052246,16.58463521587328
75.48250961303711,65.04249572753906,15.374563795783114
75.54517030715942,52.67214775085449,18.985365941979786
75.60732793807983,53.27582359313965,18.77024009308362
75.6718978881836,55.35268783569336,18.06597003867922
75.73699998855591,55.96566200256348,17.86809919186153
75.96581196784973,224.1346836090088,4.461603103535942
76.10707402229309,135.08367538452148,7.402819009428468
76.22077751159668,107.54013061523438,9.298854244262353
76.34089827537537,116.50371551513672,8.58341723762514
76.44285130500793,96.94957733154297,10.314640120402522
76.51753067970276,70.55068016052246,14.174207785449003
76.58047604560852,59.354305267333984,16.847977505523197
76.640864610672,56.069135665893555,17.835124228752694
76.70295929908752,59.024810791015625,16.942028048859303
76.77459526062012,67.18659400939941,14.883921632641474
76.8502688407898,64.6369457244873,15.471028044277721
76.90969443321228,55.09305000305176,18.151109803225765
76.98087811470032,65.92345237731934,15.169108472602467
77.1970226764679,211.60602569580078,4.725763345877369
77.33921813964844,138.79084587097168,7.2050861404048225
77.47953939437866,130.19919395446777,7.680539100339685
77.58886480331421,98.79684448242188,10.121780763736052
77.6613142490387,61.68246269226074,16.212063467522178
77.73215389251709,65.92082977294922,15.1697119627331
77.80473852157593,67.99697875976562,14.706535764375877
77.8817708492279,71.97785377502441,13.893162237451847
77.95623850822449,70.30081748962402,14.224585655033016
78.02438855171204,63.87209892272949,15.656288377336235
78.09540963172913,58.89415740966797,16.97961298680269
78.16213607788086,61.586618423461914,16.237293516005774
78.24293780326843,75.18482208251953,13.300556845136168
78.30959796905518,60.17637252807617,16.617817890791528
78.39956092834473,72.48187065124512,13.79655341418567
78.48467898368835,78.99785041809082,12.65857228655675
78.55106973648071,62.83450126647949,15.91482354191093
78.61797547340393,63.25221061706543,15.809724122593753
78.71496772766113,77.75640487670898,12.860676899679273
78.79037284851074,70.66988945007324,14.150298065861254
78.86940169334412,73.7314224243164,13.562738478651715
79.1058988571167,232.23018646240234,4.306072415619829
79.26547384262085,154.1149616241455,6.488662680517632
79.38634753227234,116.87731742858887,8.555980082371349
79.49681448936462,104.95281219482422,9.528091521203805
79.72539448738098,213.28496932983398,4.688562926595885
79.87825417518616,145.67279815673828,6.8646996052347315
80.02938747406006,131.90388679504395,7.581277734096106
80.24551916122437,210.39962768554688,4.752860121475841
80.37769746780396,127.58994102478027,7.837608450698961
80.51518058776855,133.29291343688965,7.502274308629852
80.62879633903503,99.03407096862793,10.097535022232709
80.84324860572815,211.3497257232666,4.731494193228159
80.97683668136597,127.17127799987793,7.863410793127045
81.11333918571472,119.52996253967285,8.366103182439238
81.35429191589355,234.65681076049805,4.261542619449677
81.50819683074951,139.72067832946777,7.157136738500181
81.62440586090088,103.70063781738281,9.643142231786497
81.72688269615173,98.45972061157227,10.156437513620844
81.96059131622314,229.53081130981445,4.356713568402924
82.09276342391968,127.60066986083984,7.836949454031794
82.22918009757996,132.72929191589355,7.534131958103634
82.47397804260254,224.39265251159668,4.456473903254563
82.62521028518677,145.33400535583496,6.880702128532174
82.73482394218445,106.22167587280273,9.414274363336819
82.85216212272644,113.24882507324219,8.830113684210525
83.06752896308899,211.12561225891113,4.736516755596962
83.20246410369873,125.83136558532715,7.94714414286391
83.26058101654053,54.57282066345215,18.32413988946897
83.3330750465393,59.22126770019531,16.885825630455088
83.4113655090332,73.14062118530273,13.672292958334149
83.48647165298462,70.05786895751953,14.273914049631777
83.54857015609741,58.54630470275879,17.080497310240634
83.63768768310547,69.99421119689941,14.286895771807737
83.70216274261475,60.814857482910156,16.443350217190172
83.76092338562012,54.84771728515625,18.232299346223396
83.83224153518677,62.76726722717285,15.931870928532087
83.91101217269897,64.55397605895996,15.490912582776565
83.99065661430359,65.95849990844727,15.161048255919031
84.06459355354309,69.84376907348633,14.317669468093095
84.20418453216553,136.33275032043457,7.334994692394997
84.44792675971985,228.67727279663086,4.372975013084611
84.6505913734436,198.16303253173828,5.046349903026628
84.77672028541565,122.02095985412598,8.195313339572834
85.01374053955078,219.67792510986328,4.552118741561717
85.14874291419983,129.0910243988037,7.74647195385698
85.26758480072021,99.51090812683105,10.04914957388848
85.37823557853699,101.11808776855469,9.889427520513062
85.62625503540039,241.7581081390381,4.136365922523217
85.77075338363647,138.88168334960938,7.200373554536216
85.88248133659363,106.60767555236816,9.380187634883539
85.9949586391449,108.39414596557617,9.225590469780352
86.220707654953,221.26197814941406,4.519529330632301
86.36636567115784,140.2275562286377,7.131265971500807
86.48529577255249,115.42129516601562,8.66391248306177
86.72245836257935,219.22039985656738,4.5616192683449395
86.86150288581848,132.91358947753906,7.523685154624381
86.94196796417236,75.33764839172363,13.273575978910658
87.030921459198,74.16296005249023,13.483819945862882
87.12589287757874,76.28464698791504,13.108797634711731
87.19577598571777,66.43080711364746,15.05325681636286
87.28171968460083,81.91990852355957,12.207044881067064
87.35559725761414,66.78605079650879,14.973186587224806
87.42457103729248,65.25182723999023,15.325241334960502
87.48973512649536,61.533212661743164,16.251386149739044
87.57286739349365,72.81851768493652,13.732770616489262
87.63635063171387,58.02011489868164,17.235401924768034
87.7062394618988,49.60465431213379,20.159398626337975
87.78357672691345,72.13950157165527,13.862030901429398
87.8710343837738,72.33953475952148,13.82369963152656
87.93561840057373,61.078786849975586,16.372296366269424
88.02107381820679,68.92728805541992,14.508042144295093
88.08799815177917,62.3326301574707,16.04296172764896
88.15307569503784,60.965776443481445,16.402645194342007
88.23780298233032,69.39935684204102,14.40935543936073
88.30704951286316,65.11521339416504,15.357394192147572
88.38219690322876,57.6174259185791,17.355860385244036
88.48139834403992,79.66256141662598,12.552948112854615
88.53855681419373,51.12338066101074,19.56052176265116
88.60939979553223,53.35688591003418,18.741723452266584
88.67100834846497,53.88021469116211,18.55968848179123
88.73447132110596,56.13541603088379,17.814065891127164
88.79380464553833,52.79803276062012,18.940099615716342
88.85952806472778,55.94682693481445,17.87411466900766
88.9178147315979,52.67691612243652,18.98364736606274
88.98555445671082,57.28030204772949,17.458008499444333
89.06079006195068,55.408477783203125,18.04777969018933
89.12265133857727,55.53841590881348,18.005554959325163
89.18233823776245,52.46400833129883,19.06068620768007
89.24755144119263,54.81767654418945,18.242290863858177
89.30989909172058,54.113149642944336,18.479796622416476
89.3743827342987,55.021047592163086,18.17486296175929
89.43305683135986,52.30069160461426,19.1202060492786
89.49955606460571,55.544137954711914,18.003700063098524
89.55657434463501,50.752878189086914,19.703316061689364
89.62273693084717,55.53078651428223,18.008028748932006
89.685382604599,56.31589889526367,17.756974843992108
89.79276061058044,100.66866874694824,9.93357727331936
89.85612416267395,59.7987174987793,16.72276667171689
89.96811628341675,105.44300079345703,9.483796861574639
90.19135475158691,204.4050693511963,4.892246572817923
90.3255295753479,128.403902053833,7.787925320063502
90.4398832321167,94.67840194702148,10.562070962705548
90.54966044425964,94.2378044128418,10.611452656718834
90.66655802726746,103.51347923278809,9.660577611840605
90.774405002594,104.83455657958984,9.538839411609523
90.89040303230286,108.0927848815918,9.251311279429345
91.01030921936035,104.51769828796387,9.567757579628585
91.12436079978943,108.87432098388672,9.184902288832633
91.24971771240234,110.92782020568848,9.014871094967384
91.35975503921509,105.23295402526855,9.502726681604697
91.46806478500366,96.96650505065918,10.312839464282641
91.72978138923645,258.03160667419434,3.87549421905766
92.01849627494812,279.0851593017578,3.5831357084765685
92.24853229522705,210.82043647766113,4.743373160153578
92.36748552322388,111.77611351013184,8.946455272032303
92.4685926437378,97.43785858154297,10.262951326697399
92.72779178619385,240.27609825134277,4.161878802251658
92.79104351997375,53.045034408569336,18.85190595405574
93.00104904174805,205.96861839294434,4.855108549071357
93.22755765914917,209.52630043029785,4.772670533228192
93.4830915927887,251.8441677093506,3.970709383884102
93.54541802406311,57.80291557312012,17.3001653997022
93.76521968841553,200.6511688232422,4.983773610015304
93.99402594566345,214.3535614013672,4.665189574935711
94.20770502090454,208.69135856628418,4.791765250224205
94.46367144584656,250.73933601379395,3.988205504161449
94.53042101860046,49.577951431274414,20.17025655822453
94.80666399002075,264.0392780303955,3.787315309523315
94.86610460281372,54.92234230041504,18.207526447619173
95.09098172187805,207.08131790161133,4.82902084134466
95.35648679733276,251.16848945617676,3.98139114570133
95.41894102096558,48.83694648742676,20.476300668336286
95.67821741104126,246.31834030151367,4.059787016979405
95.74573516845703,48.4468936920166,20.641158262016425
95.96296262741089,203.4449577331543,4.9153344036751
96.0797131061554,101.7160415649414,9.831290960743317
96.14829683303833,65.54794311523438,15.256008845952394
96.22576928138733,60.442447662353516,16.544664200004732
96.30801510810852,77.8813362121582,12.84004677675122
96.39570713043213,76.17974281311035,13.126849252474798
96.48834919929504,74.45645332336426,13.430669275327977
96.5700113773346,75.93774795532227,13.168681280729405
96.63906669616699,61.983346939086914,16.13336564388388
96.71845984458923,73.61388206481934,13.584394301056811
96.80443048477173,81.53080940246582,12.265302004591113
96.88242816925049,72.2966194152832,13.831905393194695
96.95228433609009,65.80948829650879,15.19537723032334
97.02013540267944,63.21883201599121,15.818071421298164
97.09456419944763,69.80013847351074,14.32661914244628
97.18853855133057,77.52060890197754,12.899795475864615
97.26401948928833,69.60153579711914,14.367499057993355
97.34372115135193,76.01571083068848,13.155175279848699
97.40816187858582,50.064802169799805,19.9741126831661
97.4884626865387,69.09394264221191,14.473048747243798
97.56780791282654,71.17080688476562,14.050704829286595
97.64403176307678,70.45316696166992,14.193826099315741
97.70932602882385,61.58018112182617,16.238990886072028
97.77377724647522,59.64469909667969,16.765949282082442
97.84847807884216,66.41244888305664,15.057417951276951
97.93497014045715,79.0565013885498,12.649181059571093
98.01445722579956,75.49738883972168,13.245491206629213
98.09900832176208,80.06620407104492,12.489664167326739
98.16911888122559,64.26763534545898,15.559931443325741
98.24138498306274,59.27109718322754,16.87162963946243
98.31392621994019,54.57425117492676,18.32365957335267
98.37456679344177,53.57074737548828,18.66690402862585
98.43906760215759,60.48130989074707,16.534033436220074
98.5039291381836,57.30938911437988,17.449147782820866
98.55942368507385,50.040483474731445,19.983819710794005
98.6201581954956,48.59638214111328,20.577663520222934
98.68649697303772,52.2160530090332,19.151198575407516
98.75688576698303,61.22779846191406,16.33245070247033
98.83910799026489,65.21892547607422,15.33297264099902
98.91451072692871,60.82892417907715,16.439547690438395
98.97080588340759,50.24361610412598,19.90302604668378
99.02596402168274,50.829172134399414,19.673741633168067
99.0754942893982,44.975996017456055,22.234082367222744
99.12775993347168,48.079729080200195,20.798786081592375
99.18537998199463,53.28559875488281,18.766796721194115
99.24022483825684,50.32062530517578,19.872567042547143
99.32242131233215,66.92647933959961,14.941769085533112
99.39734101295471,63.67015838623047,15.70594490960562
99.45587015151978,54.0316104888916,18.50768450082736
99.52809834480286,55.00030517578125,18.181717297822168
99.589604139328,52.77681350708008,18.947714603229098
99.654287815094,60.09721755981445,16.63970547396317
99.71763920783997,55.856943130493164,17.902877313994733
99.77809190750122,53.33209037780762,18.75043698673617
99.84642004966736,60.15419960021973,16.623943243296804
99.93072986602783,65.85431098937988,15.185034737684324
99.99192452430725,57.38973617553711,17.424718540982926
100.08119988441467,75.22773742675781,13.292969245201693
100.17466378211975,88.08684349060059,11.35243312591518
100.28100371360779,88.61613273620605,11.284626953613698
100.71331024169922,354.33435440063477,2.822193184433173
100.90287256240845,165.52996635437012,6.041202218691802
101.06302976608276,143.63884925842285,6.961904840945117
101.16411519050598,81.70580863952637,12.239031920139832
101.24355792999268,75.37174224853516,13.267571773816002
101.30930781364441,56.21671676635742,17.788303151109037
101.37348008155823,58.55512619018555,17.077924087329702
101.44450807571411,51.924943923950195,19.258566777936444
101.50646018981934,52.34122276306152,19.105400050105906
101.56864643096924,52.34026908874512,19.10574816312958
101.63525176048279,56.5946102142334,17.6695271195366
101.69814348220825,56.6408634185791,17.65509809781579
101.75764203071594,53.73406410217285,18.610168739489833
101.8162248134613,50.657033920288086,19.74059518710789
101.9493088722229,120.22686004638672,8.317608890510602
102.03572416305542,80.69086074829102,12.392977230958333
102.10680317878723,60.099124908447266,16.63917738441886
102.17989253997803,53.58076095581055,18.66341541555795
102.23422074317932,50.09293556213379,19.962894743104638
102.29829025268555,51.29742622375488,19.4941554306855
102.35868525505066,49.57699775695801,20.17064455783131
102.42253232002258,51.82456970214844,19.295866916933495
102.53201150894165,100.15058517456055,9.984964124343549
102.5966649055481,56.64849281311035,17.652720316833683
102.67259430885315,55.33909797668457,18.070406576220655
102.73519778251648,54.685115814208984,18.28651151434825
102.7993392944336,57.089805603027344,17.516262131867766
102.87991261482239,60.658931732177734,16.485618382058156
102.9516031742096,54.395198822021484,18.383975454744686
103.023761510849,66.87784194946289,14.952635594247539
103.11749076843262,78.31096649169922,12.769603604700725
103.19580698013306,73.82988929748535,13.544649863562237
103.27393436431885,74.12457466125488,13.490802538428632
103.34261107444763,62.63852119445801,15.964616994956703
103.39526057243347,49.65090751647949,20.140618772538907
103.47516345977783,75.89435577392578,13.176210401980372
103.5376226902008,56.23054504394531,17.783928632000272
103.60923981666565,68.47834587097168,14.60315647641695
103.68619155883789,63.57216835021973,15.73015402732513
103.78489899635315,83.7712287902832,11.937272670351376
103.86037707328796,70.47748565673828,14.188928431279685
103.91841220855713,53.28726768493652,18.766208954689645
103.99249577522278,59.23962593078613,16.880592750001007
104.06952786445618,71.67196273803711,13.952457304051043
104.13217949867249,57.409048080444336,17.418857017081205
104.19462370872498,58.432579040527344,17.113740595061284
104.27460074424744,73.9741325378418,13.51823895316982
104.36445379257202,84.65147018432617,11.813143916136701
104.43819308280945,70.1901912689209,14.247004915098216
104.50892066955566,66.50662422180176,15.036096203965599
104.57941246032715,67.35587120056152,14.846515710892673
104.64459323883057,60.51754951477051,16.52413238834018
104.72055125236511,71.9594955444336,13.896706646345503
104.79980158805847,74.31268692016602,13.4566524431326
104.87933683395386,73.80318641662598,13.549550480854652
104.9407091140747,56.75935745239258,17.618240319911283
105.0112955570221,66.0390853881836,15.142547691596748
105.09357333183289,78.12929153442383,12.799296913621689
105.15592193603516,58.34388732910156,17.13975612148158
105.22915077209473,63.170433044433594,15.830190673168374
105.29251551628113,59.15093421936035,16.905903739263273
105.37171912193298,64.09001350402832,15.60305491177882
105.45609641075134,69.915771484375,14.302924487123526
105.54707932472229,84.0444564819336,11.898464715694395
105.61205530166626,58.91251564025879,16.974321825032273
105.68453884124756,68.71700286865234,14.552439109013948
105.75981974601746,71.25520706176758,14.034062088026072
105.83534336090088,69.66805458068848,14.353781026593978
105.90170478820801,61.37251853942871,16.293937804712236
105.97956323623657,75.55484771728516,13.235418112969391
106.05921173095703,67.54660606384277,14.804592832611512
106.12590479850769,61.472177505493164,16.267522000674855
106.20583701133728,59.7691535949707,16.731038334197613
106.29602336883545,72.60322570800781,13.773492709838434
106.35499310493469,52.94179916381836,18.888666720707576
106.41943192481995,61.37418746948242,16.293494728500285
106.48407483100891,60.09650230407715,16.639903516184447
106.5446457862854,55.57084083557129,17.995048931487336
106.60254335403442,53.86233329772949,18.56584998782728
106.68112182617188,66.68281555175781,14.996367380795744
106.75943636894226,66.68448448181152,14.995992062782674
106.82701063156128,63.59052658081055,15.72561281953224
106.89087438583374,59.83304977416992,16.7131711282366
106.95752334594727,62.60108947753906,15.974162883519698
107.0339846611023,70.77169418334961,14.129942931834872
107.11487531661987,75.67095756530762,13.215109629568948
107.18608593940735,66.52092933654785,15.032862739194792
107.25625562667847,65.6595230102539,15.230083225609668
107.3282585144043,67.3835277557373,14.840422181886373
107.39644694328308,62.906503677368164,15.896607529306536
107.47150230407715,62.32476234436035,16.0449869744347
107.550119638443,63.00711631774902,15.871223100529381
107.6205530166626,65.80352783203125,15.196753623188405
107.68755626678467,62.17050552368164,16.084797631556746
107.77935123443604,72.296142578125,13.831996623047699
107.85018920898438,66.20383262634277,15.10486569023945
107.9114499092102,54.58402633666992,18.32037808702641
108.00219655036926,74.27787780761719,13.462958683203656
108.06852173805237,61.82241439819336,16.175363090141996
108.14466333389282,71.9151496887207,13.905275930432246
108.22895503044128,65.51051139831543,15.264725899021366
108.31136918067932,76.15971565246582,13.130301123539226
108.415776014328,100.10957717895508,9.989054276119937
108.51647233963013,86.30990982055664,11.58615507858899
108.69941663742065,176.79667472839355,5.656214979926882
108.84970331192017,141.9994831085205,7.042279155592195
109.18920969963074,319.99850273132324,3.1250146218328365
109.33208274841309,125.2143383026123,7.986305830113845
109.45858764648438,111.2663745880127,8.987441207666842
109.55655455589294,86.38620376586914,11.575922501586952
109.65356469154358,88.97995948791504,11.238485674246869
109.7476453781128,88.82880210876465,11.257609877205931
109.8558509349823,88.50264549255371,11.299097269178652
109.9345269203186,70.60527801513672,14.16324711285203
110.02065801620483,76.3547420501709,13.09676351657273
110.2734649181366,248.9769458770752,4.016436126153301
110.49556756019592,215.55423736572266,4.639203627917266
110.64859008789062,148.4982967376709,6.734083972468359
110.8395094871521,181.78534507751465,5.500993490831687
110.96001195907593,85.15048027038574,11.74391497058634
111.02721667289734,60.96649169921875,16.402452759354272
111.10459852218628,73.05693626403809,13.68795423320051
111.19443464279175,72.90315628051758,13.716827240677878
111.31063795089722,109.73477363586426,9.112881604133307
111.45029640197754,122.74789810180664,8.146779011813333
111.5590968132019,90.5916690826416,11.038542617950412
111.64503479003906,80.91878890991211,12.358069287385312
111.72387504577637,74.76067543029785,13.376016124042874
111.80422306060791,73.26197624206543,13.649645440847687
111.89481043815613,84.5332145690918,11.829669616818688
111.97843503952026,74.11456108093262,13.492625273837978
112.05971479415894,76.75552368164062,13.028378311217136
112.13331151008606,70.42741775512695,14.199015552110064
112.22730803489685,89.4782543182373,11.175899749266584
112.48181295394897,250.6084442138672,3.990288528133586
112.69567656517029,204.3161392211914,4.894375959783608
112.8054609298706,106.75597190856934,9.367157472524774
113.01286101341248,195.32203674316406,5.119750012206436
113.2263696193695,206.91466331481934,4.832910263486288
113.36230993270874,127.98309326171875,7.813532041728763
113.49475455284119,128.10850143432617,7.805883206842774
113.6165246963501,117.0969009399414,8.53993565989331
113.74286937713623,117.70153045654297,8.496066245877863
113.86021614074707,113.3418083190918,8.822869643871348
113.98549962043762,121.23727798461914,8.248288122460698
114.13300251960754,135.56408882141113,7.376584821938913
114.21427726745605,78.20534706115723,12.786849462070563
114.29458355903625,76.18331909179688,13.126233037904962
114.37410092353821,74.6302604675293,13.399390458178658
114.45442390441895,76.34592056274414,13.098276798930728
114.53049445152283,71.35534286499023,14.014367528050093
114.59863638877869,58.32505226135254,17.145291109539595
114.65421080589294,52.040815353393555,19.215686633833467
114.72259402275085,63.36379051208496,15.781884131588948
114.900315284729,174.18789863586426,5.74092694057052
114.97502756118774,62.63303756713867,15.966014723907698
115.0293219089508,51.651954650878906,19.360351544469268
115.09364438056946,57.366132736206055,17.431887985171084
115.15996789932251,60.82749366760254,16.43993430774236
115.23869729042053,72.34668731689453,13.82233295105522
115.32176852226257,65.66429138183594,15.228977256223313
115.40191340446472,68.25709342956543,14.650491981934465
115.48901176452637,78.5970687866211,12.723120791118122
115.57279324531555,79.13589477539062,12.63649072065558
115.65242338180542,71.80213928222656,13.927161641652278
115.73235559463501,73.79508018493652,13.551038869988595
115.81059885025024,74.14960861206055,13.486247853739156
115.89929986000061,71.65050506591797,13.956635742902398
115.96854519844055,59.082984924316406,16.925346633738478
116.02791666984558,55.8316707611084,17.910981103875308
116.11114835739136,78.79781723022461,12.690706864103698
116.2070882320404,77.8651237487793,12.842720230258122
116.29006838798523,79.3309211730957,12.605425289567167
116.3618392944336,67.11554527282715,14.899677800947059
116.43221712112427,55.238962173461914,18.10316415539797
116.4937903881073,55.045127868652344,18.16691210866439
116.55623388290405,58.33864212036133,17.141297151497813
116.61481928825378,52.91295051574707,18.898965002951343
116.68015360832214,54.74233627319336,18.26739719345313
116.74291253089905,54.93807792663574,18.20231136108182
116.79852318763733,48.618316650390625,20.56837975676736
116.89022088050842,77.15392112731934,12.961104055227482
116.95796704292297,52.15740203857422,19.17273408787552
117.01439595222473,52.73580551147461,18.962448573624485
117.07680225372314,58.35270881652832,17.13716501395307
117.16273713111877,73.5926628112793,13.588311141348365
117.22361993789673,57.62910842895508,17.352342024044944
117.29249882698059,64.91947174072266,15.403698970223143
117.37358784675598,75.50239562988281,13.244612858405961
117.45310068130493,69.67449188232422,14.352454865245898
117.5197651386261,61.551809310913086,16.24647611817157
117.57683897018433,52.03723907470703,19.217007239072665
117.63963150978088,54.66032028198242,18.29480681491045
117.70190286636353,54.042816162109375,18.50384696830663
117.78874516487122,78.21488380432129,12.785290361126268
117.86482429504395,71.15721702575684,14.053388282990735
117.9561378955841,75.48284530639648,13.248043259906884
118.04575276374817,83.8770866394043,11.92220712551804
118.12859034538269,78.14836502075195,12.796173019543716
118.1941409111023,61.224937438964844,16.333213912989297
118.27304816246033,64.31269645690918,15.549029275580452
118.34995245933533,72.2951889038086,13.832179086364055
118.42754411697388,73.36711883544922,13.630084101337562
118.5130889415741,80.86967468261719,12.365574659779712
118.59975528717041,80.50847053527832,12.421053255033657
118.68595719337463,81.09927177429199,12.330566947421028
118.76454758644104,73.78792762756348,13.55235242609592
118.85974144935608,90.21544456481934,11.084576535911266
118.9235327243805,59.146881103515625,16.907062237987745
118.99762511253357,68.94588470458984,14.504128916245937
119.0827488899231,80.20615577697754,12.467870954700974
119.16293168067932,76.57146453857422,13.059695358134785
119.23872709274292,70.0225830078125,14.281106994988015
119.31128811836243,66.63346290588379,15.00747456893313
119.40406346321106,73.10318946838379,13.67929371169896
119.46303677558899,52.18219757080078,19.16362373668147
119.53441333770752,64.64266777038574,15.469658578325607
119.59436225891113,55.88030815124512,17.89539165198247
119.66627955436707,56.88309669494629,17.579914915019803
119.76147222518921,75.03890991210938,13.326419602460474
119.91884922981262,144.79756355285645,6.906193553698596
119.979483127594,55.75251579284668,17.936410326586643
120.05868220329285,61.058998107910156,16.37760249902382
120.13545346260071,59.949398040771484,16.680734630894904
120.21999907493591,65.4754638671875,15.272896760661851
120.30299496650696,73.77123832702637,13.55541838090098
120.3713264465332,64.34988975524902,15.540042163295702
120.45257043838501,77.14986801147461,12.961784974813808
120.52910304069519,70.80578804016113,14.12313919072264
120.61309170722961,76.68566703796387,13.04024648445637
120.68774247169495,69.17667388916016,14.455739829328481
120.7791395187378,87.80455589294434,11.388930674841628
120.85572576522827,70.38235664367676,14.20810623126302
120.92699909210205,67.02828407287598,14.919075041705645
120.99875378608704,67.28124618530273,14.862982728438897
121.06306791305542,60.03546714782715,16.656820501415766
121.16915225982666,101.46093368530273,9.856010226573112
121.26230955123901,86.1349105834961,11.609694527175899
121.3554413318634,85.93511581420898,11.636686475898768
121.43384218215942,65.92130661010742,15.16960223368319
121.52364444732666,68.57991218566895,14.5815293156495
121.62184572219849,76.03955268859863,13.151050534124723
121.80104899406433,152.76384353637695,6.546051584266892
121.95566844940186,143.62692832946777,6.962482673904202
122.06840062141418,100.80218315124512,9.920420061732045
122.22413182258606,148.2558250427246,6.745097534695978
122.4267692565918,195.62363624572754,5.111856722384386
122.54896974563599,94.81406211853027,10.546958728019332
122.63992738723755,75.63972473144531,13.220566356507048
122.73786282539368,81.59828186035156,12.255160000934994
122.88912200927734,139.5702362060547,7.164851383669286
123.04368162155151,131.1664581298828,7.623900303916009
123.11771440505981,69.0145492553711,14.489698343167467
123.18386459350586,61.2940788269043,16.314789603478992
123.2562255859375,67.81721115112305,14.745519360440998
123.33803367614746,72.20268249511719,13.84990093778893
123.4269654750824,69.4270133972168,14.403615409446493
123.51604652404785,82.34667778015137,12.143780744498201
123.58853673934937,68.74418258666992,14.546685441189732
123.68252110481262,77.59761810302734,12.886993498592796
123.75452923774719,55.454254150390625,18.03288161243723
123.82474493980408,63.942670822143555,15.639008930069538
123.88861560821533,59.53192710876465,16.79770920523038
123.9675784111023,66.58649444580078,15.018060468913363
124.1029441356659,109.93480682373047,9.096300151810887
124.21810173988342,110.87775230407715,9.018941845588156
124.31761741638184,87.94927597045898,11.370190248477849
124.40202903747559,78.26042175292969,12.777850893227072
124.48289895057678,75.68073272705078,13.213402724397344
124.56260871887207,69.36764717102051,14.415942312913947
124.64153170585632,71.17652893066406,14.049575260605087
124.73329901695251,87.7532958984375,11.395583376804034
124.82821750640869,81.8488597869873,12.217641181593887
124.94558334350586,109.38143730163574,9.14231906865833
125.00646185874939,56.80656433105469,17.60359936876742
125.10479664802551,83.24909210205078,12.012143012612695
125.1720838546753,63.417673110961914,15.768475110247262
125.22972702980042,52.15811729431152,19.172471167954946
125.28833413124084,51.45525932312012,19.434359347416123
125.35259819030762,55.084228515625,18.154016620498616
125.42807292938232,71.29430770874023,14.026365247634017
125.48599743843079,54.14700508117676,18.468242121624417
125.55912685394287,60.30416488647461,16.582602576166114
125.6265332698822,61.71393394470215,16.203796064856846
125.71162676811218,70.87302207946777,14.109741205599082
125.7754967212677,56.09893798828125,17.82564939480484
125.8288357257843,49.66235160827637,20.135977609109982
125.90141868591309,57.3887825012207,17.425008101169063
125.98625946044922,66.2229061126709,15.100515194827171
126.0663115978241,74.90944862365723,13.34945081526323
126.14827013015747,76.76029205322266,13.027568984581745
126.21658134460449,63.56406211853027,15.732160070815844
126.28419065475464,63.43197822570801,15.764919019894533
126.3612220287323,65.70672988891602,15.219141200461548
126.42740392684937,62.02983856201172,16.121273618990514
126.49933671951294,67.79980659484863,14.749304610493963
126.58321738243103,79.23269271850586,12.621052821626957
126.66513562202454,76.39384269714355,13.090060202422453
126.74166798591614,70.84798812866211,14.114726845651136
126.81679773330688,69.17953491210938,14.455141990625862
126.88758111000061,64.3765926361084,15.533596281688054
126.96187114715576,70.44100761413574,14.196276201468264
127.03800368309021,72.00121879577637,13.888653785658702
127.0994770526886,56.58531188964844,17.672430646846664
127.18503499031067,67.99507141113281,14.706948301495133
127.26096367835999,72.00098037719727,13.888699775492228
127.3483738899231,77.25000381469727,12.944983179531496
127.4238212108612,70.67537307739258,14.149200159226
127.50659465789795,65.58370590209961,15.247689746181083
127.57393455505371,62.41488456726074,16.021819265280552
127.64511060714722,66.47109985351562,15.04413199426112
127.71390581130981,63.80033493041992,15.673898908063588
127.78239250183105,60.78362464904785,16.451799407715388
127.84965491294861,62.58225440979004,15.978970547337221
127.9274411201477,66.6956901550293,14.99347255685596
127.99333572387695,61.68723106384277,16.21081028851914
128.0616021156311,59.70931053161621,16.747806851169347
128.15071845054626,69.82064247131348,14.322411891452592
128.21442246437073,59.82351303100586,16.71583545221945
128.282461643219,64.47935104370117,15.50884095161326
128.3507387638092,63.428401947021484,15.76580789210564
128.4877574443817,126.3115406036377,7.91693296765316
128.59123015403748,90.45124053955078,11.055680320522958
128.70281863212585,107.88202285766602,9.26938495878362
128.80421829223633,84.4886302947998,11.83591208084183
128.92884492874146,115.68975448608398,8.643807780924
129.0416522026062,108.58607292175293,9.209284147522302
129.14181804656982,93.78290176391602,10.66292449040813
129.271742105484,116.00232124328613,8.6205171524348
129.39221048355103,116.70970916748047,8.568267431503772
129.50823044776917,106.87947273254395,9.35633358243082
129.6595175266266,134.5651149749756,7.431346528303157
129.7933065891266,127.09832191467285,7.867924492908314
129.9056806564331,108.27231407165527,9.235971435303341
130.03381252288818,116.8069839477539,8.561131930666797
130.1614487171173,122.46036529541016,8.165907374093717
130.29684472084045,115.51284790039062,8.657045672203692
130.42520022392273,117.39921569824219,8.517944468814479
130.5417742729187,111.98163032531738,8.930036088016436
130.6447229385376,99.56955909729004,10.043230170607602
130.76229095458984,113.56163024902344,8.805791162095433
130.9917507171631,220.75343132019043,4.529940911992241
131.3035397529602,297.90544509887695,3.3567697954231512
131.35948824882507,51.61261558532715,19.375107978141067
131.5775318145752,212.72754669189453,4.700848646782719
131.80877828598022,225.59690475463867,4.432684930174949
132.02928566932678,211.20119094848633,4.734821785374819
132.27152919769287,219.09236907958984,4.564284936992622
132.492329120636,215.17515182495117,4.6473767603683065
132.70511293411255,207.75747299194336,4.813304597899008
132.93336606025696,222.62859344482422,4.491786003435529
133.15872526168823,219.02751922607422,4.565636334344943
133.39138865470886,226.1486053466797,4.421871178321118
133.61577606201172,218.90020370483398,4.568291774403301
133.72927927970886,109.4670295715332,9.135170689422353
133.82935738563538,96.2531566619873,10.389269658050853
133.90218448638916,68.91489028930664,14.510652136308597
133.97361397743225,67.0318603515625,14.918279080355111
134.04945611953735,63.0497932434082,15.860480242011722
134.1123275756836,56.9150447845459,17.570046791415848
134.20250701904297,79.65397834777832,12.554300748593954
134.2723171710968,64.69535827636719,15.457059465196497
134.3332850933075,57.49368667602539,17.393214069484877
134.558039188385,215.27647972106934,4.645189299340484
134.8051073551178,240.2815818786621,4.161783821220979
135.04261779785156,230.81040382385254,4.3325603327793205
135.26460123062134,217.32401847839355,4.6014242098114915
135.4981906414032,227.0040512084961,4.4052077250442165
135.710706949234,208.39715003967285,4.798530113341899
135.95381355285645,237.69807815551758,4.207017607208986
136.1741063594818,214.71500396728516,4.657336383219703
136.40451192855835,215.3022289276123,4.644633754981768
136.6155457496643,206.95996284484863,4.831852432973562
136.8244273662567,203.4294605255127,4.915708852674203
137.0389964580536,209.40232276916504,4.775496215972502
137.26058197021484,204.35285568237305,4.89349657806743
137.4773736000061,211.8980884552002,4.719249745433269
137.70198464393616,219.30551528930664,4.559848842291109
137.92443013191223,217.65661239624023,4.594392924665742
138.1509485244751,220.9625244140625,4.525654305641876
138.36850094795227,212.08882331848145,4.71500564882836
138.72653794288635,347.43499755859375,2.8782362370715213
138.85196256637573,115.89670181274414,8.628373235467162
138.9779987335205,117.2034740447998,8.532170297424464
139.10163187980652,113.15631866455078,8.837332389404398
139.22810649871826,122.47562408447266,8.16489001362663
139.35774946212769,121.7954158782959,8.210489637797618
139.48586702346802,122.48349189758301,8.164365536183192
139.7114806175232,221.61030769348145,4.512425484211421
139.894779920578,176.85580253601074,5.65432395013663
140.19031310081482,283.48588943481445,3.527512434547268
140.2926061153412,97.17917442321777,10.290270584569639
140.3717703819275,59.435367584228516,16.824998997151912
140.49675798416138,120.68533897399902,8.286010616545928
140.74885249137878,248.0909824371338,4.030779314009931
140.86929774284363,105.12614250183105,9.512381755875635
141.03824162483215,148.82445335388184,6.719325873296861
141.30405235290527,246.24276161193848,4.06103307749582
141.41387295722961,93.95337104797363,10.643577647569334
141.52880477905273,99.94125366210938,10.005878086949883
141.6661307811737,133.80098342895508,7.473786622285736
141.79694318771362,122.30753898620605,8.176110878273667
142.0645158290863,249.1626739501953,4.013442238944218
142.20458889007568,124.93228912353516,8.004335844764544
142.28790879249573,68.80974769592285,14.532824686686832
142.3578712940216,65.56105613708496,15.252957455551797
142.45939350128174,85.66522598266602,11.67334806543726
142.53023481369019,62.65902519226074,15.959392871683454
142.6253800392151,80.65509796142578,12.398472325683137
142.85397124290466,213.96565437316895,4.673647286661905
143.08695006370544,225.9669303894043,4.4254263147121575
143.3164999485016,222.9900360107422,4.484505307456099
143.54735159873962,224.26676750183105,4.458975402995611
143.78826904296875,229.52795028686523,4.3567678740222915
144.01716566085815,222.42426872253418,4.495912274966101
144.23279762268066,207.59916305541992,4.816975103763032
144.45444703102112,213.32931518554688,4.687588291043041
144.6904227733612,230.70406913757324,4.334557269571526
144.8016324043274,104.80237007141113,9.541768943952427
144.86376476287842,58.2118034362793,17.17864661407777
144.95103406906128,72.95680046081543,13.706741437175452
145.03624773025513,67.05021858215332,14.914194482076883
145.1115038394928,71.25425338745117,14.03424992136839
145.17543816566467,58.152198791503906,17.19625432540138
145.25544428825378,67.69442558288574,14.772265092575308
145.3291940689087,63.623666763305664,15.717421690268571
145.3974220752716,63.515424728393555,15.744207084755052
145.4741485118866,68.44043731689453,14.611245035881
145.53533840179443,56.87665939331055,17.581904610199615
145.5986099243164,58.34674835205078,17.138915676435495
145.66170382499695,59.28206443786621,16.868508367283738
145.7641372680664,81.87150955200195,12.214261169385603
145.8348264694214,67.15059280395508,14.891901295934671
145.89713525772095,57.28435516357422,17.456773269848668
145.9607448577881,57.66606330871582,17.34122190111176
146.03501892089844,70.40834426879883,14.202862038372714
146.09836840629578,59.62777137756348,16.77070896492161
146.18507289886475,82.39555358886719,12.136577235584157
146.26806664466858,71.74944877624512,13.93738930480928
146.33698153495789,64.05997276306152,15.610371919743047
146.41577243804932,74.58782196044922,13.40701435859406
146.49182152748108,64.50986862182617,15.501504209569285
146.55070233345032,55.01246452331543,18.177698611851486
146.63448071479797,68.55225563049316,14.587412052349503
146.69845461845398,58.39347839355469,17.125200065327455
146.78837180137634,81.40754699707031,12.283873386284295
146.86159777641296,67.1694278717041,14.88772543827579
146.92570304870605,46.79584503173828,21.369418573844992
147.00200176239014,71.20132446289062,14.044682560942942
147.07374620437622,64.68725204467773,15.458996454345085
147.13900208473206,60.84561347961426,16.43503849846202
147.1998691558838,57.300567626953125,17.451834098928167
147.2813766002655,60.396671295166016,16.557203874910194
147.35403680801392,55.74822425842285,17.93779108307495
147.41932725906372,57.6174259185791,17.355860385244036
147.49533796310425,56.324005126953125,17.7544192346766
147.7049102783203,205.56902885437012,4.864546014411652
147.84742546081543,128.13568115234375,7.80422744864543
147.95668864250183,101.00221633911133,9.900772836929992
148.02190709114075,56.40816688537598,17.727929397742113
148.1010775566101,58.26115608215332,17.164094694412046
148.1736466884613,52.633047103881836,18.999470010282707
148.2363841533661,53.92193794250488,18.545327526363497
148.2984368801117,54.12173271179199,18.476865944502936
148.3607475757599,53.21621894836426,18.79126363656728
148.41974925994873,54.570913314819336,18.324780350129103
148.48829650878906,57.36827850341797,17.43123597373452
148.5654320716858,56.38480186462402,17.735275587221718
148.6254494190216,53.971052169799805,18.528451082514987
148.73208618164062,98.85191917419434,10.116141480650723
148.83840131759644,96.77433967590332,10.333317730185438
149.05599403381348,205.20257949829102,4.873233087249414
149.17580556869507,106.03046417236328,9.43125174265387
149.25227117538452,57.57546424865723,17.368509538736753
149.31429386138916,54.86154556274414,18.227703753922107
149.37427234649658,55.96351623535156,17.868784295013803
149.4388301372528,56.40459060668945,17.729053420013695
149.501718044281,57.370901107788086,17.430439137102034
149.56052160263062,54.526329040527344,18.339763882815916
149.6277585029602,58.307647705078125,17.15040889761204
149.7019910812378,54.3522834777832,18.398491029521427
149.7606189250946,51.55658721923828,19.3961635929783
149.8282289505005,57.14130401611328,17.500475657993558
149.90204048156738,53.54762077331543,18.674966050001114
149.96717286109924,55.46450614929199,18.029548434242482
150.0310022830963,56.50496482849121,17.697559905316055
150.08840823173523,52.268266677856445,19.132067381596414
150.15430450439453,55.010318756103516,18.17840766263598
150.22519659996033,63.283681869506836,15.80186187747475
150.30811381340027,77.47673988342285,12.907099621185312
150.37575364112854,58.78782272338867,17.010325500661057
150.45451593399048,59.94081497192383,16.683123185235274
150.5177218914032,59.70597267150879,16.748743136667667
150.58432507514954,61.60140037536621,16.23339719400097
150.67590141296387,84.50174331665039,11.834075378217173
150.74237251281738,61.715126037597656,16.2034830714076
150.8290560245514,78.76443862915039,12.696084900805783
150.8925657272339,57.96456336975098,17.251919825930297
150.95045804977417,53.77078056335449,18.597461102908248
151.02497816085815,57.79623985290527,17.302163644988966
151.08559370040894,56.99920654296875,17.544103868290723
151.15915989875793,53.45010757446289,18.70903624668802
151.23207879066467,64.38970565795898,15.5304328507424
151.30500674247742,59.83757972717285,16.7119058718528
151.3955614566803,73.61245155334473,13.584658286721101
151.46057033538818,60.98675727844238,16.397002310425844
151.53451490402222,56.92410469055176,17.567250384281927
151.60639429092407,51.819562911987305,19.29773127763438
151.6717393398285,56.56170845031738,17.67980542664087
151.72943663597107,50.815582275390625,19.679003077847007
151.81989288330078,85.94202995300293,11.635750290595256
151.88644576072693,62.952280044555664,15.885048155400108
152.12287855148315,228.4531593322754,4.377264919088042
152.3658242225647,240.33355712890625,4.160883781467255
152.41124296188354,41.2449836730957,24.245372671884574
152.46095156669617,45.68600654602051,21.888540400060535
152.50564455986023,38.51628303527832,25.96304526799918
152.5500032901764,37.24050521850586,26.852482106044892
152.59765362739563,38.41400146484375,26.03217477656405
152.63821172714233,36.459922790527344,27.42737568988517
152.67846584320068,36.98277473449707,27.03961525815997
152.7223527431488,39.191246032714844,25.51590217788052
152.76588201522827,36.16738319396973,27.64922180399085
152.81992173194885,44.026851654052734,22.71341153025528
152.8840367794037,60.19020080566406,16.614000063377382
152.97176313400269,83.70733261108398,11.946384728876028
153.14262580871582,151.84378623962402,6.58571565399393
153.28844165802002,139.0078067779541,7.193840570388703
153.40275740623474,109.84015464782715,9.104138675024908
153.52048349380493,110.90874671936035,9.016421423734643
153.6255784034729,93.43767166137695,10.702321475047588
153.75719571113586,116.89186096191406,8.554915558456392
153.87251329421997,107.9559326171875,9.26303886925795
154.0170919895172,126.64604187011719,7.896022530459796
154.2352330684662,214.47515487670898,4.662544715609833
154.31498169898987,68.76587867736816,14.542095865476293
154.37358593940735,56.01024627685547,17.853876147179513
154.42340326309204,35.978078842163086,27.79470255727189
154.455322265625,22.061586380004883,45.32765607945274
154.48451137542725,19.876956939697266,50.30951181480149
154.51784896850586,22.223472595214844,44.997468137149724
154.54115080833435,20.186662673950195,49.537658410988676
154.58303475379944,24.90377426147461,40.15455607252954
154.60730981826782,21.24500274658203,47.06989271445886
154.64249682426453,23.077011108398438,43.333168030415735
154.6644446849823,18.951892852783203,52.76517800981256
154.7033712863922,21.401643753051758,46.725382944354706
154.73218894004822,20.116329193115234,49.7108587953635
154.77478051185608,31.751632690429688,31.49444344326305
154.84182357788086,51.82290077209473,19.296488330473267
154.91551208496094,67.6107406616211,14.79054940404824
154.96691584587097,47.3172664642334,21.13393428498007
155.01810097694397,41.03684425354004,24.368345524369484
155.05257391929626,27.25362777709961,36.69236287288951
155.07697224617004,21.03137969970703,47.5479980048066
155.1072177886963,21.12126350402832,47.345652394766844
155.14470267295837,27.49323844909668,36.37257945627195
155.20147490501404,38.28859329223633,26.117439007683974
155.24978280067444,40.23265838623047,24.85542939768175
155.31070256233215,54.871320724487305,18.224456542992087
155.3711438179016,55.35435676574707,18.065425350923665
155.41302156448364,37.68491744995117,26.535815059913197
155.46090459823608,37.09578514099121,26.95724045735293
155.5241298675537,54.66175079345703,18.294328035312386
155.58127999305725,49.239397048950195,20.308940806197796
155.64906454086304,55.58609962463379,17.990109159535912
155.7196729183197,63.99035453796387,15.627355204083534
155.89143228530884,165.90189933776855,6.0276585379173175
156.0298833847046,130.44047355651855,7.666332179994042
156.14017581939697,104.5384407043457,9.565859154415621
156.27930116653442,122.58338928222656,8.157712116261338
156.43114137649536,147.23634719848633,6.791801202809795
156.54920291900635,112.63132095336914,8.878525010054826
156.61773562431335,56.40578269958496,17.72867873008627
156.7008867263794,62.050819396972656,16.115822638899562
156.78574538230896,69.23151016235352,14.444289856669583
156.85767340660095,66.86282157897949,14.955994622793224
156.91934180259705,57.62934684753418,17.35227023560805
157.13440227508545,210.8626365661621,4.742423865530256
157.34290146827698,204.97846603393555,4.878561242791442
157.38829159736633,42.31739044189453,23.630946746895635
157.45933985710144,57.51371383666992,17.387157484558305
157.55424070358276,74.45764541625977,13.430454245624372
157.63211798667908,74.79619979858398,13.369663200708917
157.72273921966553,72.00217247009277,13.888469829370296
157.83421325683594,90.77191352844238,11.016623547179723
157.9078619480133,68.21751594543457,14.658991699432066
157.98104214668274,70.03593444824219,14.278384487594979
158.0645673274994,69.19598579406738,14.451705377477785
158.1447570323944,73.81987571716309,13.546487179569993
158.20451188087463,55.25398254394531,18.098242949359662
158.28274178504944,73.3189582824707,13.639037207094127
158.3683557510376,78.93800735473633,12.668168775861549
158.43654942512512,61.34605407714844,16.300966949600472
158.50164365768433,58.126211166381836,17.20394259205329
158.55690121650696,52.4752140045166,19.056615946605362
158.61876606941223,52.94609069824219,18.887135703735726
158.693838596344,65.31429290771484,15.310584490487246
158.7800736427307,73.36592674255371,13.630305570991716
158.8503110408783,66.3914680480957,15.062176351870605
158.92847299575806,64.74018096923828,15.446357811003903
159.15341591835022,220.4298973083496,4.536589692282732
159.3329095840454,160.5689525604248,6.227854040610268
159.45197987556458,107.42974281311035,9.308409140843288
159.66558575630188,209.13171768188477,4.781675448776851
159.77926683425903,108.0465316772461,9.255271635994527
159.916321516037,131.15835189819336,7.624371498478508
160.03461408615112,112.40983009338379,8.896019139689617
160.10764622688293,66.07627868652344,15.13402418959097
160.17197394371033,60.3482723236084,16.570482658354372
160.24850964546204,67.63076782226562,14.786169552710248
160.31529021263123,62.322139739990234,16.0456621703303
160.37860751152039,59.006690979003906,16.947230617555316
160.47522592544556,76.02429389953613,13.153690073353006
160.53604459762573,56.21623992919922,17.788454034980575
160.60256338119507,62.44492530822754,16.014111556127418
160.6752028465271,59.44323539733887,16.822772066756777
160.83259534835815,151.80134773254395,6.587556796675362
160.93846035003662,101.33051872253418,9.868695163184011
161.04659152030945,103.71875762939453,9.641457561352373
161.18304014205933,116.89496040344238,8.554688726944908
161.3029329776764,110.17608642578125,9.07637975209473
161.52099466323853,213.16051483154297,4.691300360154799
161.68084955215454,144.45900917053223,6.922378920787913
161.78848218917847,103.44314575195312,9.667146070730539
161.91090607643127,108.85429382324219,9.186592139615566
162.0317599773407,106.10365867614746,9.42474569187315
162.16165137290955,109.24363136291504,9.153851693907258
162.2943558692932,115.97371101379395,8.622643797964349
162.52398920059204,224.86519813537598,4.447108793589163
162.76893091201782,240.32044410705566,4.161110818996862
162.99935722351074,226.89342498779297,4.407355568165101
163.1291298866272,116.76764488220215,8.564016179386188
163.24782967567444,115.47470092773438,8.659905520134782
163.37539649009705,123.42166900634766,8.102304952208751
163.49079060554504,110.96858978271484,9.01155905430607
163.7404522895813,233.93988609313965,4.274602406200476
163.8784351348877,132.22360610961914,7.562946053452485
164.02946305274963,131.23631477355957,7.619842127733016
164.1681456565857,127.36773490905762,7.851281964887059
164.2850947380066,112.23483085632324,8.909890025852528
164.39396595954895,103.03354263305664,9.705577178505811
164.53252863883972,116.15228652954102,8.60938712339227
164.72051191329956,181.30087852478027,5.515693074059317
164.87232995033264,148.02193641662598,6.7557554252322225
164.9943652153015,112.06984519958496,8.923006882173363
165.0885558128357,90.01946449279785,11.108708606903638
165.19785046577454,96.36664390563965,10.377034619771345
165.31058859825134,100.8901596069336,9.911769432182322
165.4284589290619,111.01746559143066,9.00759168544007
165.5447461605072,103.9888858795166,9.616412288122964
165.75579738616943,204.01430130004883,4.901617159324902
165.90258479118347,141.83783531188965,7.050305003605581
166.0212004184723,111.94276809692383,8.93313625346629
166.14233708381653,108.55269432067871,9.212115887661623
166.256014585495,98.42109680175781,10.16042324761148
166.47127890586853,206.2826156616211,4.847718247088575
166.71379566192627,237.4575138092041,4.211279668343091
166.85028386116028,132.51829147338867,7.546128076974283
166.96087217330933,106.1408519744873,9.421443123900742
167.07569432258606,111.17386817932129,8.994919546984004
167.18247079849243,102.79202461242676,9.728381202437253
167.30790328979492,111.17339134216309,8.994958127365724
167.54053664207458,225.44193267822266,4.435732022521817
167.70006728172302,153.82647514343262,6.5008315315524765
167.81302070617676,107.58352279663086,9.295103692508166
167.92392420768738,107.6362133026123,9.290553516487654
168.13467001914978,205.25074005126953,4.87208961950739
168.2644362449646,123.58760833740234,8.09142610212129
168.37563943862915,106.2462329864502,9.412098404726802
168.49766302108765,115.57316780090332,8.65252739046393
168.7066421508789,201.0347843170166,4.974263550446453
168.8719186782837,159.07883644104004,6.286191314773877
168.99750447273254,118.95060539245605,8.406850866380045
169.14087080955505,124.08065795898438,8.059273834045563
169.33409094810486,178.05862426757812,5.616127857403003
169.50061702728271,162.4886989593506,6.15427415201452
169.6116852760315,107.30695724487305,9.31906025177858
169.74351024627686,120.10741233825684,8.325880813947718
169.86971998214722,121.19483947753906,8.251176405785241
170.0113649368286,125.04792213439941,7.996934158771681
170.12645506858826,110.04018783569336,9.087588995151037
170.24339532852173,112.38622665405273,8.897887488279146
170.4042465686798,145.89619636535645,6.854188285318817
170.47866582870483,66.61653518676758,15.011288071293082
170.54985904693604,65.19913673400879,15.337626387289049
170.61614537239075,61.881303787231445,16.159969793757632
170.69171738624573,60.640573501586914,16.490609211897226
170.77403116226196,77.48699188232422,12.90539193363774
170.84858751296997,62.08992004394531,16.10567382422511
170.9233593940735,59.267520904541016,16.872647695364986
170.98088121414185,53.43008041381836,18.716048941999624
171.05351519584656,64.27335739135742,15.558546193736971
171.12779140472412,69.5486068725586,14.378433227748296
171.20755791664124,75.08659362792969,13.317956664211142
171.27947354316711,67.2597885131836,14.867724417598934
171.35639715194702,70.33705711364746,14.217256749656798
171.42221426963806,60.607194900512695,16.499691194114988
171.63404154777527,207.57722854614258,4.817484109427296
171.7597301006317,121.16789817810059,8.253011028796868
171.87658429145813,104.9346923828125,9.529736803838883
172.12218689918518,225.477933883667,4.4350237860346
172.35141038894653,224.74336624145508,4.449519541883345
172.60176706314087,245.7423210144043,4.069303145962329
172.73368644714355,126.28316879272461,7.918711650650405
172.9536817073822,215.99221229553223,4.629796553181954
173.10017585754395,139.38212394714355,7.174521177329883
173.21224093437195,103.6217212677002,9.650486285752415
173.3318269252777,115.62156677246094,8.64890545868457
173.59317445755005,238.79289627075195,4.187729265053865
173.71351623535156,115.27848243713379,8.674645769607022
173.8314025402069,101.77731513977051,9.825372172833433
173.92950558662415,94.58112716674805,10.572933839506733
174.14081978797913,205.52659034729004,4.865550478457521
174.26968479156494,117.24591255187988,8.529081980214126
174.37570977210999,97.14269638061523,10.294134682878221
174.44042253494263,53.966522216796875,18.530006361772813
174.50610327720642,57.45816230773926,17.403967684245032
174.57001781463623,59.519052505493164,16.801342728157636
174.63519620895386,59.64207649230957,16.766686520864898
174.7066478729248,66.67494773864746,14.998136990220093
174.76981043815613,55.06014823913574,18.16195618756468
174.85575318336487,81.41303062438965,12.283045998049614
174.91935467720032,60.791730880737305,16.44960565379894
174.9796507358551,57.697296142578125,17.331834710743802
175.0411560535431,58.36820602416992,17.13261496483044
175.120379447937,63.951730728149414,15.636793384855704
175.19282031059265,59.58676338195801,16.78225067520256
175.28612852096558,75.34384727478027,13.272483901080644
175.3562843799591,65.5667781829834,15.25162632223907
175.423974275589,55.23276329040527,18.105195909575546
175.49041104316711,59.54408645629883,16.79427898745125
175.56821465492249,60.44483184814453,16.54401161231284
175.6556625366211,70.07265090942383,14.270902941756889
175.73212003707886,71.36082649230957,14.013290612711279
175.7966332435608,55.7551383972168,17.935566635593148
175.8800745010376,77.76355743408203,12.859493996885003
175.94745516777039,62.37435340881348,16.032230321424066
176.03518795967102,76.87640190124512,13.007892867886728
176.1154010295868,62.76249885559082,15.933081350073126
176.18927788734436,70.65105438232422,14.154070434512642
176.27135825157166,77.40187644958496,12.919583424457949
176.35576367378235,70.83535194396973,14.117244745123777
176.42780232429504,64.78548049926758,15.435557354727118
176.5065987110138,64.7120475769043,15.453073074400749
176.76743841171265,249.88818168640137,4.001789893589109
176.9296600818634,156.9082736968994,6.373150226174214
177.14997267723083,216.0501480102539,4.628555033216359
177.40979743003845,241.10889434814453,4.147503569719287
177.56324863433838,147.7067470550537,6.770171437241638
177.70675015449524,137.06517219543457,7.295799392234729
177.92794728279114,217.36907958984375,4.600470323961953
178.08041620254517,147.25494384765625,6.790943474431376
178.1940562725067,109.39240455627441,9.141402495504822
178.2966537475586,99.08509254455566,10.092335530194205
178.55383682250977,243.8678741455078,4.10058111796773
178.70237398147583,142.98152923583984,6.9939103697132605
178.8192069530487,105.95965385437012,9.437554424011143
178.93519401550293,112.32566833496094,8.902684620740011
179.19654369354248,253.45921516418457,3.945407940098863
179.33576250076294,133.2705020904541,7.503535923660544
179.4718906879425,131.84523582458496,7.584650243490494
179.70611906051636,220.0303077697754,4.544828438118313
179.8586552143097,146.75283432006836,6.814178442502835
179.97665977478027,114.97282981872559,8.697707115469557
180.21465516090393,231.24361038208008,4.324443812080759
180.36582851409912,145.92242240905762,6.852956409925446
180.49599981307983,126.13368034362793,7.928096581941355
180.60743689537048,96.57692909240723,10.354439817020635
180.8178412914276,207.1526050567627,4.827359036715884
180.9387698173523,102.41913795471191,9.763800203455958
181.04906749725342,107.24234580993652,9.32467480497191
181.15557479858398,102.28610038757324,9.77649940911708
181.37730407714844,214.39433097839355,4.664302434847398
181.4884877204895,107.26809501647949,9.322436460220263
181.6045162677765,100.25978088378906,9.974089222866926
181.71945452690125,106.19235038757324,9.416874156662617
181.85972023010254,121.92869186401367,8.201515038931886
181.97958636283875,115.76962471008301,8.637844361198008
182.11049675941467,124.16291236877441,8.053934793587274
182.2353343963623,107.62238502502441,9.291747249119963
182.38672709465027,135.1771354675293,7.397700776402445
182.51433682441711,121.87790870666504,8.2049323836594
182.6199185848236,101.38416290283203,9.863473459443696
182.75241112709045,127.84743309020996,7.821823057600176
182.86800837516785,100.32296180725098,9.967807787825137
182.97096300125122,94.29812431335449,10.604664804116153
183.08093237876892,95.53337097167969,10.46754646914369
183.191899061203,96.48323059082031,10.364495403775823
183.31100392341614,106.95862770080566,9.349409407133479
183.42545223236084,110.35490036010742,9.06167280960632
183.54591870307922,108.35886001586914,9.228594688552004
183.66971468925476,119.46558952331543,8.370611185950207
183.73632836341858,62.783241271972656,15.927817356037245
183.80282950401306,60.53304672241211,16.519902006349106
183.8782181739807,70.19639015197754,14.245746794599643
183.9423053264618,59.08846855163574,16.923775899287833
184.02092695236206,67.43741035461426,14.828564660795537
184.08620476722717,61.05780601501465,16.37792225541303
184.1638526916504,74.42831993103027,13.435745975814848
184.23221135139465,62.58559226989746,15.978118345314149
184.29780387878418,62.078237533569336,16.108704752760442
184.37731504440308,69.3354606628418,14.42263439861905
184.58736848831177,204.71572875976562,4.884822510015839
184.75818037986755,166.7346954345703,5.997551963576878
184.81762051582336,46.42009735107422,21.542393425783256
184.96042037010193,138.3681297302246,7.227097756901775
185.00720310211182,44.17276382446289,22.63838423092285
185.07365536689758,55.75156211853027,17.936717142991544
185.1363697052002,55.67193031311035,17.962373396715275
185.19582200050354,52.781105041503906,18.946173999457944
185.27139616012573,66.9558048248291,14.935224848931572
185.35276865959167,70.42860984802246,14.198775215894434
185.43852877616882,76.88355445861816,13.00668273002701
185.52920794487,75.96445083618164,13.164052250657527
185.59157538414001,59.387922286987305,16.8384405699122
185.67877340316772,82.51118659973145,12.119568766488383
185.75387978553772,67.89803504943848,14.727966711729902
185.81996750831604,62.20221519470215,16.076597865041492
186.04692316055298,219.987154006958,4.545719974032533
186.24879789352417,195.4026222229004,5.117638589615631
186.3694314956665,116.82701110839844,8.559664332010906
186.4928982257843,106.63366317749023,9.377901595066785
186.6058487892151,98.09017181396484,10.194701278498858
186.7466356754303,130.59020042419434,7.65754242471268
186.81046748161316,56.32948875427246,17.75269085722267
186.89678144454956,66.08700752258301,15.131567269985462
186.98131704330444,71.45500183105469,13.99482155726984
187.05191826820374,65.4916763305664,15.269115955324509
187.12114191055298,65.08517265319824,15.364482557777476
187.18120670318604,53.33304405212402,18.750101700976778
187.25512385368347,64.35322761535645,15.53923613555278
187.332097530365,72.6318359375,13.768067226890757
187.42373704910278,78.9031982421875,12.673757493714948
187.50261855125427,73.87137413024902,13.53704343223416
187.71680307388306,210.64281463623047,4.747372948500283
187.87332797050476,150.9699821472168,6.623833332806918
187.98046827316284,102.4167537689209,9.764027497456741
188.2196397781372,233.05273056030273,4.2908744196895325
188.37702059745789,151.72958374023438,6.590672532998115
188.50043559074402,118.10517311096191,8.46702962841841
188.73648953437805,230.82971572875977,4.332197857814227
188.8925449848175,148.94914627075195,6.713700783368388
189.01596570014954,119.72403526306152,8.352541724832175
189.2475779056549,226.72724723815918,4.410585900818433
189.37459468841553,122.68280982971191,8.151101212859695
189.49529218673706,116.60909652709961,8.575660302518534
189.7635886669159,264.3566131591797,3.7827689954472974
189.89191150665283,121.61779403686523,8.222480993997278
190.029052734375,129.0762424468994,7.747359088264359
190.1115698814392,78.0797004699707,12.80742618095209
190.17933106422424,64.3470287322998,15.54073311077435
190.2724027633667,76.30157470703125,13.105889411058895
190.3509271144867,63.6293888092041,15.716008258362342
190.42642378807068,70.83487510681152,14.117339777787501
190.50337100028992,72.06606864929199,13.876155848967965
190.58062863349915,61.942338943481445,16.14404649641077
190.6404275894165,55.24086952209473,18.10253909200378
190.70330286026,59.15021896362305,16.906108168678003
190.7903869152069,70.32513618469238,14.21966674012171
190.8684012889862,73.45318794250488,13.614112988298684
190.95098495483398,78.14216613769531,12.7971881178452
191.028653383255,72.53336906433105,13.786757914320557
191.12525033950806,76.22551918029785,13.11896607269645
191.1960141658783,66.12944602966309,15.12185660154236
191.27540922164917,70.55211067199707,14.173920389839044
191.5151014328003,233.40606689453125,4.284378779459353
191.7981903553009,269.6967124938965,3.707868704638478
192.03180813789368,227.69403457641602,4.391858582770167
192.16883373260498,129.70995903015137,7.709508255781253
192.23788118362427,63.38810920715332,15.77582944984184
192.3005564212799,58.6092472076416,17.062153971321063
192.36881279945374,60.6083869934082,16.499366665355414
192.4481384754181,74.42283630371094,13.436735949152977
192.5463399887085,81.48479461669922,12.27222826913849
192.6177704334259,66.86973571777344,14.954448215864685
192.68771743774414,64.87774848937988,15.413605177184813
192.7498116493225,59.04531478881836,16.936144782640298
192.81279015541077,60.29510498046875,16.585094267999494
192.8773045539856,60.964107513427734,16.40309422687347
193.1111102104187,227.9527187347412,4.38687463589174
193.26576256752014,148.8339900970459,6.718895323225285
193.4057068824768,133.68821144104004,7.4800910956986355
193.63672542572021,223.97422790527344,4.464799407291339
193.77586126327515,132.7674388885498,7.531967238137653
193.88002014160156,96.14872932434082,10.40055346573199
193.99611973762512,103.14822196960449,9.69478659840281
194.2347559928894,230.62777519226074,4.335991183916851
194.4751272201538,221.57740592956543,4.513095528873002
194.53372859954834,51.313161849975586,19.488177378811745
194.6026542186737,58.843374252319336,16.99426677525354
194.6939182281494,72.0062255859375,13.887688069506252
194.7742464542389,75.25515556335449,13.2881261425091
194.84873270988464,67.91830062866211,14.723572155720152
194.9129581451416,57.35182762145996,17.436235974907607
194.98522758483887,67.45481491088867,14.824738624233898
195.05945563316345,63.90213966369629,15.648928271616454
195.1344015598297,59.51642990112305,16.802083082962785
195.2007884979248,62.32786178588867,16.04418908890606
195.2798843383789,64.30888175964355,15.549951618464322
195.35793924331665,65.26923179626465,15.321154738291709
195.42267060279846,60.83488464355469,16.437936980717982
195.49175477027893,66.25652313232422,15.092853544440446
195.56164979934692,66.4668083190918,15.045103342396567
195.64206838607788,68.38726997375488,14.622604475712688
195.86819314956665,222.25594520568848,4.499317213200044
196.03758478164673,163.9249324798584,6.100353282883742
196.14248037338257,100.85821151733398,9.91490910810108
196.26274251937866,114.79544639587402,8.711146926085231
196.50366592407227,230.94606399536133,4.330015340811721
196.63779258728027,124.85694885253906,8.009165762820611
196.69867968559265,53.327083587646484,18.752197433719317
196.75989818572998,51.915645599365234,19.26201607347876
196.82168769836426,52.17123031616211,19.167652247031835
196.87988018989563,54.518699645996094,18.342330365420608
196.97263264656067,78.89056205749512,12.675787494975687
197.0597677230835,67.20566749572754,14.879697460985309
197.1221582889557,56.34903907775879,17.746531553449408
197.1826252937317,51.97477340698242,19.24010312021211
197.26074838638306,74.05853271484375,13.502833007108272
197.31710481643677,53.5731315612793,18.66607328817723
197.37568712234497,54.34870719909668,18.39970169551008
197.46097993850708,70.36399841308594,14.21181317936624
197.52977395057678,60.89282035827637,16.422297310524936
197.61439442634583,68.97616386413574,14.497761893075522
197.86152577400208,243.53957176208496,4.106108887211582
198.0228555202484,157.07802772521973,6.366262770686957
198.12812852859497,99.8983383178711,10.01017651382803
198.1853220462799,52.69503593444824,18.97711961415082
198.26333665847778,60.83273887634277,16.438516799855773
198.33555579185486,67.53802299499512,14.806474274115258
198.4124858379364,72.05629348754883,13.878038289227266
198.48858189582825,67.32392311096191,14.853561019488131
198.56005597114563,67.94595718383789,14.717579109149222
198.6337251663208,58.0906867980957,17.214463369587524
198.71201848983765,58.99620056152344,16.95024409168795
198.80593967437744,74.83792304992676,13.362209415310312
198.87365007400513,63.13014030456543,15.84029427426573
198.94540119171143,67.36350059509277,14.844834237620468
199.0122892856598,62.3629093170166,16.035172363697534
199.0850386619568,55.97352981567383,17.865587596370915
199.1717667579651,65.76108932495117,15.206560752949366
199.24820041656494,64.66221809387207,15.464981398384296
199.32987117767334,68.95232200622559,14.502774829101647
199.39601731300354,62.51025199890137,15.997375918714505
199.4833903312683,83.1000804901123,12.033682688417917
199.54773354530334,53.26962471008301,18.77242434956966
199.6295793056488,71.62213325500488,13.962164411377973
199.69246816635132,59.600114822387695,16.778491165328564
199.75256824493408,54.296255111694336,18.41747645289481
199.8194453716278,61.57279014587402,16.24094015604732
199.8866047859192,62.905073165893555,15.896969030825149
199.95085406303406,59.96417999267578,16.676622612401992
200.02458024024963,61.61069869995117,16.230947239700637
200.10600233078003,63.48538398742676,15.751657108950454
200.18200492858887,71.38872146606445,14.007814952609326
200.2654197216034,69.66805458068848,14.353781026593978
200.34145379066467,65.29045104980469,15.31617539657036
200.4113233089447,56.92458152770996,17.567103229616475
200.4718062877655,56.09560012817383,17.82671007556889
200.54196524620056,63.725948333740234,15.692194877397245
200.60821533203125,63.07554244995117,15.854005548877751
200.68426513671875,71.51675224304199,13.98273787100409
200.76547384262085,76.5390396118164,13.06522795519394
200.82899594306946,58.86030197143555,16.989379369567153
200.89550185203552,60.61840057373047,16.496641127700077
200.98355174064636,70.42384147644043,14.199736609576172
201.2126805782318,222.59855270385742,4.492392191473
201.48447823524475,257.793664932251,3.879071272999681
201.71877765655518,228.87468338012695,4.3692032042668
201.94154500961304,219.00629997253418,4.566078693286043
202.102046251297,155.48014640808105,6.431689338491806
202.21653056144714,109.4963550567627,9.132724093707065
202.3065676689148,72.17812538146973,13.854613080000131
202.3727467060089,62.03818321228027,16.119105173957657
202.45169639587402,73.9898681640625,13.51536399257579
202.52821612358093,71.5031623840332,13.985395423899488
202.60881328582764,76.73430442810059,13.031981034466687
202.6941282749176,68.42398643493652,14.614757954082183
202.76800918579102,64.53609466552734,15.495204740583116
202.84827518463135,66.38002395629883,15.064773110933919
202.91504287719727,55.53722381591797,18.005941444148707
202.9906129837036,69.1061019897461,14.470502187323186
203.0562243461609,56.27942085266113,17.768484196345735
203.11936688423157,56.183576583862305,17.79879567665743
203.19592905044556,69.88215446472168,14.30980495177529
203.27372527122498,73.29010963439941,13.644405841230185
203.33712530136108,59.20290946960449,16.891061756237036
203.40400528907776,63.2176399230957,15.818369702135362
203.48670506477356,78.74345779418945,12.699467714685383
203.55690002441406,58.257102966308594,17.16528885032822
203.6363980770111,60.75263023376465,16.460192688813454
203.7192244529724,66.25056266784668,15.0942114260009
203.78853940963745,58.79640579223633,17.007842342159684
203.8744113445282,79.28228378295898,12.61315835373225
203.94270157814026,58.47811698913574,17.10041382122108
204.01752090454102,55.84383010864258,17.907081195085087
204.0783405303955,57.77883529663086,17.307375527147585
204.1524477005005,66.30969047546387,15.080752041362993
204.36882138252258,203.43637466430664,4.9155417837646525
204.51125741004944,126.64580345153809,7.896037395211891
204.6208474636078,99.10154342651367,10.090660199873936
204.74690318107605,117.45452880859375,8.513933095160766
204.87539434432983,123.02184104919434,8.128637902599076
204.94094824790955,61.24734878540039,16.327237338938847
205.02029848098755,64.61858749389648,15.475423384865143
205.08490657806396,59.42845344543457,16.826956483364828
205.15687727928162,66.96438789367676,14.93331054690977
205.2394564151764,67.9316520690918,14.720678351571987
205.32861876487732,78.71198654174805,12.704545316863653
205.5519688129425,218.81937980651855,4.569979134774106
205.680682182312,124.89151954650879,8.00694877947743
205.80497813224792,104.77948188781738,9.543853261945449
205.91650581359863,107.42616653442383,9.308719023121412
206.03212141990662,110.72754859924316,9.031176185605856
206.09788537025452,61.72943115234375,16.199728092942777
206.16323447227478,59.74459648132324,16.737915374700204
206.2324206829071,64.59927558898926,15.480049751060163
206.30083560943604,60.662031173706055,16.484776072474308
206.3794105052948,62.409162521362305,16.02328824165371
206.4525272846222,68.57967376708984,14.581580008621769
206.51769375801086,60.013532638549805,16.6629084480464
206.58419060707092,62.13545799255371,16.093870268403585
206.64742994308472,58.67648124694824,17.042603420463458
206.71655988693237,56.64539337158203,17.653686213108408
206.77866053581238,57.63578414916992,17.35033217231594
206.84100890159607,58.31098556518555,17.14942716723773
206.90169596672058,55.57107925415039,17.994971726688462
206.9614760875702,53.708553314208984,18.61900830114973
207.02443599700928,57.648658752441406,17.346457344207515
207.08829259872437,54.38995361328125,18.385748351802498
207.154221534729,57.8615665435791,17.282629208575585
207.21050000190735,52.04319953918457,19.21480633117255
207.27846217155457,57.01088905334473,17.540508780073687
207.34175753593445,56.70619010925293,17.63475906375214
207.4054799079895,58.15291404724121,17.196042818897055
207.46429824829102,54.775238037109375,18.256424542099033
207.52267932891846,54.816246032714844,18.242766923572088
207.58505845069885,52.9024600982666,18.902712617570046
207.65185356140137,56.8699836730957,17.583968473567268
207.71536445617676,59.2348575592041,16.88195162789949
207.79061603546143,57.40189552307129,17.421027491994135
207.86951327323914,58.57133865356445,17.073196942189803
207.9384708404541,52.26922035217285,19.131718308831243
208.0018265247345,54.5194149017334,18.342089727162605
208.0743854045868,68.64285469055176,14.568158689030215
208.1333782672882,53.87163162231445,18.562645494215637
208.2004680633545,51.477670669555664,19.425898394260653
208.26939630508423,57.46603012084961,17.40158486495457
208.333575963974,60.16826629638672,16.620056743434088
208.4136004447937,73.41814041137695,13.620611941364821
208.50385117530823,72.2963809967041,13.831951007970769
208.56336736679077,56.261539459228516,17.774131486833518
208.6207411289215,54.31938171386719,18.40963516977422
208.69646000862122,64.07904624938965,15.60572540527669
208.7554895877838,53.11083793640137,18.828548726673638
208.8854558467865,114.8993968963623,8.703265874423922
209.09635424613953,206.36701583862305,4.845735622702371
209.2418406009674,126.06978416442871,7.932114793626779
209.36311626434326,115.5855655670166,8.651599316008012
209.5032684803009,135.481595993042,7.381076320147259
209.66092109680176,138.44680786132812,7.222990659355799
209.78765487670898,121.22106552124023,8.249391272878896
209.9054033756256,101.20773315429688,9.880667897930723
210.01157236099243,99.96414184570312,10.00358710169815
210.1134660243988,92.45014190673828,10.816641049710649
210.22673535346985,96.20380401611328,10.394599363581392
210.35801219940186,118.20530891418457,8.459856914937605
210.4733486175537,109.28773880004883,9.150157291016741
210.58747482299805,95.57271003723145,10.463237880462305
210.7079656124115,116.1808967590332,8.607267011151288
210.84771466255188,131.87193870544434,7.5831144200711975
210.9875853061676,133.32033157348633,7.500731420314529
211.1044318675995,112.70666122436523,8.872590041588573
211.2518434524536,135.49160957336426,7.3805308177295865
211.35789561271667,101.95612907409668,9.808140119494428
211.4724748134613,109.5273494720459,9.130139684930702
211.70741891860962,230.29541969299316,4.342248757413847
211.9749674797058,262.9570960998535,3.802901746451698
212.2059919834137,225.53300857543945,4.4339407624472225
212.45327591896057,228.7769317626953,4.371070073783818
212.69525289535522,236.9101047515869,4.221010332372924
212.93184995651245,229.90107536315918,4.349696922558399
213.17735147476196,240.69690704345703,4.154602617388238
213.40908360481262,224.20048713684082,4.460293609396351
213.64282989501953,224.82919692993164,4.447820895395768
213.87483882904053,227.3244857788086,4.398998183473384
214.08178806304932,196.64406776428223,5.085330116333347
214.3073627948761,221.88520431518555,4.50683497841303
214.41662192344666,95.17884254455566,10.506536676277339
214.48099732398987,60.22787094116211,16.603608667769798
214.5421657562256,49.42178726196289,20.233991027063535
214.62053775787354,64.59665298461914,15.480678236349275
214.68871903419495,57.15751647949219,17.49551172956919
214.77421832084656,64.75996971130371,15.441637858355147
214.85764694213867,69.69332695007324,14.348576022441545
214.91281175613403,51.984310150146484,19.23657344132674
214.97432398796082,58.34031105041504,17.140806793708137
215.04788088798523,70.00350952148438,14.284998092746989
215.1270453929901,74.65147972106934,13.395581758545692
215.19151258468628,60.88757514953613,16.423712022429232
215.2704005241394,75.43206214904785,13.256962245365616
215.35695123672485,82.98873901367188,12.049827625833142
215.42185759544373,59.84663963317871,16.70937593370914
215.4960057735443,69.66948509216309,14.353486302893417
215.61472487449646,113.85488510131836,8.7831101766965
215.79523372650146,174.36981201171875,5.734937650404725
215.85949659347534,60.312747955322266,16.58024271652765
216.13553667068481,271.35229110717773,3.685246201238167
216.27628803253174,136.7018222808838,7.315191438672129
216.34412813186646,60.66465377807617,16.48406341620619
216.59501123428345,244.84562873840332,4.084206057313013
216.81637287139893,217.3464298248291,4.600949740954809
216.880544424057,55.45306205749512,18.033269271283434
217.09758234024048,198.76408576965332,5.0310899784928695
217.32547664642334,211.42911911010742,4.729717477937479
217.56303811073303,218.0197238922119,4.586740970713255
217.8219130039215,243.47853660583496,4.107138205857095
217.87942099571228,53.94864082336426,18.5361481723728
218.13682198524475,244.95744705200195,4.082341696628273
218.1899573802948,49.03817176818848,20.392277361545304
218.29700112342834,102.96154022216797,9.712364421144281
218.4180405139923,104.42876815795898,9.57590535289471
218.53700947761536,99.80535507202148,10.019502453334098
218.60557746887207,65.06013870239258,15.370394529503596
218.67041635513306,60.88614463806152,16.424097895252082
218.73686122894287,51.61023139953613,19.376003030457017
218.80563497543335,57.9071044921875,17.26903820816864
218.86318564414978,53.931236267089844,18.542130112641686
218.9262192249298,54.43525314331055,18.37044823447998
218.98823356628418,53.08246612548828,18.838612313828353
219.05254554748535,53.296566009521484,18.762934929453973
219.11393094062805,52.95729637145996,18.88313921816684
219.1820044517517,58.15839767456055,17.194421441865423
219.25685667991638,55.12666702270508,18.140041000268145
219.31773567199707,52.77609825134277,18.947971394883425
219.37763714790344,51.79858207702637,19.305547756364522
219.4403076171875,52.20293998718262,19.156009225639973
219.5515422821045,101.6542911529541,9.837263028034402
219.64995551109314,92.20194816589355,10.84575781631814
219.762060880661,96.27223014831543,10.387211332483067
220.05217099189758,277.88424491882324,3.59862071450695
220.16512417793274,95.72649002075195,10.446429194084272
220.33234858512878,161.6659164428711,6.1855957149346095
220.57122039794922,232.21564292907715,4.306342102480228
220.86711049079895,286.3178253173828,3.492622224590808
221.09986877441406,223.68645668029785,4.470543343753897
221.22818398475647,124.11332130432129,8.05715284621251
221.29559063911438,61.28644943237305,16.31682059022618
221.36833548545837,68.92657279968262,14.508192695235888
221.44587802886963,74.01633262634277,13.510531588322644
221.5115406513214,60.2264404296875,16.60400304028376
221.5821394920349,66.23959541320801,15.096710566571524
221.73365831375122,140.5959129333496,7.112582287324784
221.87276768684387,124.66168403625488,8.021710983056941
221.98440551757812,106.57310485839844,9.383230425055928
222.1275599002838,132.7645778656006,7.5321295489849245
222.34168696403503,209.60521697998047,4.770873618548868
222.56440258026123,219.18177604675293,4.56242310851014
222.799569606781,229.48241233825684,4.357632420762603
223.03441095352173,230.38792610168457,4.340505237929168
223.26733350753784,228.89471054077148,4.368820920489889
223.49090027809143,217.47541427612305,4.598220922252504
223.71921014785767,223.18196296691895,4.48064882442236
223.94191455841064,217.59510040283203,4.595691714329543
224.17852878570557,230.4530143737793,4.3392793221531365
224.41487884521484,230.44872283935547,4.33936013044036
224.63959002494812,220.04294395446777,4.54456744682949
224.84994506835938,205.60693740844727,4.863649119063798
225.06858325004578,202.88896560668945,4.9288042699106205
225.1796374320984,96.04811668395996,10.411448287845502
225.25208806991577,59.587717056274414,16.781982082911547
225.3183982372284,58.96282196044922,16.959839552299158
225.39526224136353,61.585426330566406,16.23760781702464
225.4695246219635,58.904170989990234,16.976726489707037
225.54436016082764,55.877685546875,17.89623156744948
225.60353326797485,53.823232650756836,18.57933741157293
225.66752648353577,55.85336685180664,17.904023631256777
225.72421598434448,52.25038528442383,19.138614855307228
225.7892553806305,52.66070365905762,18.989491794001133
225.86093831062317,61.975955963134766,16.13528963707847
225.9271650314331,62.15333938598633,16.08924009359776
226.0143382549286,82.41963386535645,12.133031331267917
226.0872983932495,69.30088996887207,14.429829118344234
226.1799397468567,81.45833015441895,12.276215312839335
226.2779664993286,84.69963073730469,11.806426914675614
226.50419783592224,215.89350700378418,4.631913270010811
226.65813422203064,148.5462188720703,6.731911506015588
226.80696630477905,132.6773166656494,7.537083392483948
226.87733960151672,66.09010696411133,15.130857641719757
226.9478874206543,56.93650245666504,17.56342516404323
227.15970849990845,204.63156700134277,4.886831561004652
227.31211256980896,148.99444580078125,6.711659583183983
227.3822681903839,49.979448318481445,20.00822405296977
227.48983192443848,103.55138778686523,9.657041024483913
227.5923135280609,98.43730926513672,10.158749842567744
227.6837420463562,72.8607177734375,13.724816753926701
227.76379823684692,59.661865234375,16.761125319693093
227.82402420043945,56.60700798034668,17.665657233591798
227.9041736125946,59.57388877868652,16.785877512796603
227.96579337120056,56.09846115112305,17.825800912900455
228.0278913974762,56.89358711242676,17.576673413541524
228.11073565483093,63.294172286987305,15.79924286655994
228.1791296005249,53.659677505493164,18.635967387199255
228.24021100997925,53.888797760009766,18.55673241131551
228.30559301376343,57.67560005187988,17.338354505206503
228.36552786827087,54.80456352233887,18.246655674803257
228.43122005462646,57.56187438964844,17.372610093111103
228.50944638252258,57.87181854248047,17.279567588945834
228.56921696662903,55.39679527282715,18.051585747425232
228.62804627418518,56.13279342651367,17.814898189756963
228.69164896011353,54.46648597717285,18.359914028951756
228.7564835548401,55.84359169006348,17.907157647561107
228.83805680274963,74.48077201843262,13.426284031434562
228.93074584007263,75.11067390441895,13.313686963753463
229.01718926429749,79.94437217712402,12.508697895386671
229.0930676460266,64.95046615600586,15.396348312544507
229.17571640014648,78.60875129699707,12.721229933062185
229.2627923488617,80.48748970031738,12.424291075834818
229.3350887298584,67.64793395996094,14.782417458482533
229.41303730010986,73.9445686340332,13.523643703288128
229.4812638759613,63.61508369445801,15.71954231488526
229.55427384376526,68.25590133666992,14.650747853545056
229.64559149742126,74.13792610168457,13.488372990477783
229.71086359024048,59.27085876464844,16.87169750603379
229.80561089515686,90.54255485534668,11.044530404489116
229.8953366279602,75.44755935668945,13.254239216305894
229.9566752910614,56.334495544433594,17.75111306732576
230.0305938720703,54.633378982543945,18.303828513325392
230.12118935585022,83.49442481994629,11.9768475818173
230.19281911849976,67.43574142456055,14.828931644781965
230.27828335762024,79.46085929870605,12.584812306658305
230.3523850440979,70.93548774719238,14.097316191916645
230.43103432655334,72.86858558654785,13.723334849312737
230.51302313804626,77.27694511413574,12.940470130166634
230.5952570438385,78.38773727416992,12.757097408008955
230.70760321617126,93.39022636413574,10.707758605284052
230.80426120758057,80.6114673614502,12.405182943961858
230.87378644943237,65.46139717102051,15.276178682643454
230.96073007583618,65.81640243530273,15.193780926920095
231.03508615493774,70.59693336486816,14.164921227267355
231.1085910797119,69.41676139831543,14.405742645669832
231.18577814102173,74.08022880554199,13.498878393383004
231.25407528877258,63.65799903869629,15.708944910318689
231.33938431739807,81.54749870300293,12.26279181955063
231.41163802146912,66.67518615722656,14.998083359556025
231.48252511024475,59.400320053100586,16.834926126762543
231.5755796432495,74.83601570129395,13.36254997849531
231.76590394973755,170.9120273590088,5.850963302304365
231.9129240512848,132.0345401763916,7.573775760979283
